game_id,play_id,nfl_id,frame_id,x,y
2024120805,74,53472,1,85.70954918861389,38.361371773481366
2024120805,74,53472,2,85.77680468559265,38.810387596488
2024120805,74,53472,3,85.81788897514343,39.248949739336965
2024120805,74,53472,4,85.83891749382019,39.66241891980171
2024120805,74,53472,5,85.84707498550415,40.05345978587866
2024120805,74,53472,6,85.84765791893005,40.43209951519966
2024120805,74,53472,7,85.84408164024353,40.80647024810314
2024120805,74,53472,8,85.83844542503357,41.180575707554816
2024120805,74,53472,9,85.83200097084045,41.55498615205288
2024120805,74,53472,10,85.82550644874573,41.92821001410484
2024120805,74,53472,11,85.81837892532349,42.29775340557098
2024120805,74,54586,1,88.3691132068634,34.3606144696474
2024120805,74,54586,2,88.8314151763916,34.356735441088674
2024120805,74,54586,3,89.42503452301025,34.31662355363369
2024120805,74,54586,4,90.03982901573181,34.26204076111317
2024120805,74,54586,5,90.65754890441895,34.202271634340285
2024120805,74,54586,6,91.27661526203156,34.12838265299797
2024120805,74,54586,7,91.90660178661346,34.03824209868908
2024120805,74,54586,8,92.55075752735138,33.93199928700923
2024120805,74,54586,9,93.21033596992493,33.81305353045464
2024120805,74,54586,10,93.88071656227112,33.68458969891071
2024120805,74,54586,11,94.55376505851746,33.5490635573864
2024120805,74,57213,1,92.69867420196533,39.606206363439554
2024120805,74,57213,2,92.44746208190918,40.206734627485275
2024120805,74,57213,3,92.23101317882538,40.76357060670853
2024120805,74,57213,4,92.01617896556854,41.277325859665865
2024120805,74,57213,5,91.80169880390167,41.76242046058178
2024120805,74,57213,6,91.58435940742493,42.23404250591993
2024120805,74,57213,7,91.36244416236877,42.70141461640596
2024120805,74,57213,8,91.13618016242981,43.16795357763767
2024120805,74,57213,9,90.90711057186127,43.63324162364006
2024120805,74,57213,10,90.67736327648163,44.094873026013374
2024120805,74,57213,11,90.44916987419128,44.54970421493053
2024120805,143,41233,1,65.15800952911377,12.715604931116104
2024120805,143,41233,2,64.64435935020447,12.872656345367432
2024120805,143,41233,3,64.06166553497314,13.043975341320035
2024120805,143,41233,4,63.43914985656738,13.214636713266373
2024120805,143,41233,5,62.77539610862732,13.38802388906479
2024120805,143,41233,6,62.06057667732239,13.568501967191693
2024120805,143,41233,7,61.29200577735901,13.758053350448606
2024120805,143,41233,8,60.475040674209595,13.956363523006438
2024120805,143,41233,9,59.62015628814697,14.161624813079833
2024120805,143,41233,10,58.739919662475586,14.371365571022032
2024120805,143,57233,1,64.71577405929565,12.184063649177553
2024120805,143,57233,2,64.42791223526001,12.317618507146832
2024120805,143,57233,3,64.02806997299194,12.469323152303694
2024120805,143,57233,4,63.5952365398407,12.619315433502194
2024120805,143,57233,5,63.15002918243408,12.769866853952408
2024120805,143,57233,6,62.680392265319824,12.922283130884168
2024120805,143,57233,7,62.17841863632202,13.080846762657167
2024120805,143,57233,8,61.64328932762146,13.247085851430896
2024120805,143,57233,9,61.07979655265808,13.420355480909343
2024120805,143,57233,10,60.49575090408325,13.598841625452039
2024120805,312,41233,1,45.925447940826416,38.45498788654804
2024120805,312,41233,2,45.90602159500122,38.89243969321251
2024120805,312,41233,3,45.86651802062988,39.33150061368942
2024120805,312,41233,4,45.80739498138428,39.758980044722556
2024120805,312,41233,5,45.7334303855896,40.1830315709114
2024120805,312,41233,6,45.646798610687256,40.61337659060955
2024120805,312,41233,7,45.549373626708984,41.05485753566026
2024120805,312,41233,8,45.44323682785034,41.50749743878841
2024120805,312,41233,9,45.33064842224121,41.96823771297932
2024120805,312,41233,10,45.213825702667236,42.432563149929045
2024120805,312,41233,11,45.0947642326355,42.89565276205539
2024120805,312,54586,1,38.71868133544922,46.68905557766556
2024120805,312,54586,2,38.11997652053833,47.02286647632718
2024120805,312,54586,3,37.502946853637695,47.349285061657426
2024120805,312,54586,4,36.91227436065674,47.64965442940593
2024120805,312,54586,5,36.35026216506958,47.9264259763062
2024120805,312,54586,6,35.80721139907837,48.189931865036485
2024120805,312,54586,7,35.27162790298462,48.448483732342716
2024120805,312,54586,8,34.738168716430664,48.706235808134075
2024120805,312,54586,9,34.20583248138428,48.963998208940026
2024120805,312,54586,10,33.67090702056885,49.21958242878318
2024120805,312,54586,11,33.13889980316162,49.47152271270752
2024120805,312,57801,1,42.52007246017456,38.22769301533699
2024120805,312,57801,2,42.640836238861084,38.63965792059898
2024120805,312,57801,3,42.7392053604126,39.036619785428044
2024120805,312,57801,4,42.819228172302246,39.406742966175074
2024120805,312,57801,5,42.886433601379395,39.7599156498909
2024120805,312,57801,6,42.94565677642822,40.110201300680636
2024120805,312,57801,7,43.000173568725586,40.46705842614173
2024120805,312,57801,8,43.0535888671875,40.83385298103094
2024120805,312,57801,9,43.10487985610962,41.210773198306555
2024120805,312,57801,10,43.15460443496704,41.59583429247141
2024120805,312,57801,11,43.20295572280884,41.985899841785425
2024120805,388,53916,1,24.606399536132812,37.859358444809914
2024120805,388,53916,2,24.411871433258057,37.95095562040805
2024120805,388,53916,3,24.25759792327881,38.0877318829298
2024120805,388,53916,4,24.133944511413574,38.24079784154892
2024120805,388,53916,5,24.04062509536743,38.403051474690436
2024120805,388,53916,6,23.975136280059814,38.58112938404083
2024120805,388,53916,7,23.9351749420166,38.780209961533544
2024120805,388,53916,8,23.918123245239258,39.00151632428169
2024120805,388,53916,9,23.921091556549072,39.24301523864269
2024120805,388,53916,10,23.94113302230835,39.50083244144916
2024120805,388,53916,11,23.975393772125244,39.770388391613956
2024120805,388,53916,12,24.02122735977173,40.047103548049925
2024120805,388,53916,13,24.076266288757324,40.32682963758707
2024120805,388,53916,14,24.138479232788086,40.606010884046555
2024120805,388,53916,15,24.20607089996338,40.88175231218338
2024120805,388,53916,16,24.27755355834961,41.15175779759883
2024120805,388,53916,17,24.351675510406494,41.4142832070589
2024120805,388,53916,18,24.42737102508545,41.668046650290485
2024120805,388,54586,1,20.387427806854248,42.337104418873786
2024120805,388,54586,2,19.81450080871582,42.6208763256669
2024120805,388,54586,3,19.184818267822266,42.91784677803516
2024120805,388,54586,4,18.566951751708984,43.20208728164434
2024120805,388,54586,5,17.979447841644287,43.473880583047865
2024120805,388,54586,6,17.408881187438965,43.73679596036672
2024120805,388,54586,7,16.841769218444824,43.995314469933504
2024120805,388,54586,8,16.273105144500732,44.25249469876289
2024120805,388,54586,9,15.703260898590088,44.50911340564489
2024120805,388,54586,10,15.138094425201416,44.76665659844875
2024120805,388,54586,11,14.576640129089355,45.021579620242115
2024120805,388,54586,12,14.023962020874023,45.27173169106245
2024120805,388,54586,13,13.484530448913574,45.515213802456856
2024120805,388,54586,14,12.962064743041992,45.75045416951179
2024120805,388,54586,15,12.459354400634766,45.97627732902765
2024120805,388,54586,16,11.978366374969482,46.19186760485172
2024120805,388,54586,17,11.52031660079956,46.396740515530105
2024120805,388,54586,18,11.085820198059082,46.590665733814234
2024120805,388,55100,1,11.881628036499023,37.91536450088024
2024120805,388,55100,2,11.697335243225098,38.30566434860229
2024120805,388,55100,3,11.506240367889404,38.69158480167388
2024120805,388,55100,4,11.318864822387695,39.05598792433739
2024120805,388,55100,5,11.133813858032227,39.40523233711719
2024120805,388,55100,6,10.94663143157959,39.751401484012604
2024120805,388,55100,7,10.756666660308838,40.102866569161414
2024120805,388,55100,8,10.560779571533203,40.46258610635996
2024120805,388,55100,9,10.359485149383545,40.83095324039459
2024120805,388,55100,10,10.154249668121338,41.2061372667551
2024120805,388,55100,11,9.946975708007812,41.58523367941379
2024120805,388,55100,12,9.739644527435303,41.96496230065822
2024120805,388,55100,13,9.534130096435547,42.34209378361702
2024120805,388,55100,14,9.332077503204346,42.713699001073834
2024120805,388,55100,15,9.134881496429443,43.07725467830896
2024120805,388,55100,16,8.943657875061035,43.43067595660686
2024120805,388,55100,17,8.759307861328125,43.77229892015457
2024120805,388,55100,18,8.582460880279541,44.100871859490866
2024120805,388,57213,1,19.279282093048096,44.80308404415845
2024120805,388,57213,2,18.506183624267578,45.162032382190226
2024120805,388,57213,3,17.721104621887207,45.51422974914312
2024120805,388,57213,4,16.955108642578125,45.849039791524405
2024120805,388,57213,5,16.196579933166504,46.17338106334209
2024120805,388,57213,6,15.429182052612305,46.49514028728008
2024120805,388,57213,7,14.648466110229492,46.818980398774144
2024120805,388,57213,8,13.855905532836914,47.145955740660426
2024120805,388,57213,9,13.056786060333252,47.47517955303192
2024120805,388,57213,10,12.258024215698242,47.80422863438725
2024120805,388,57213,11,11.46679401397705,48.13032079041004
2024120805,388,57213,12,10.689582824707031,48.4508394241333
2024120805,388,57213,13,9.93189811706543,48.763542021811006
2024120805,388,57213,14,9.198060035705566,49.066650298237796
2024120805,388,57213,15,8.491287231445312,49.35881286785006
2024120805,388,57213,16,7.8138041496276855,49.63907585814595
2024120805,388,57213,17,7.166955471038818,49.90685550868511
2024120805,388,57213,18,6.5514349937438965,50.16183492094278
2024120805,453,38588,1,41.10993504524231,25.328410840034483
2024120805,453,38588,2,41.74588322639465,25.08286293148994
2024120805,453,38588,3,42.3512327671051,24.834848138689992
2024120805,453,38588,4,42.90627479553223,24.60483699440956
2024120805,453,38588,5,43.41768264770508,24.3937825769186
2024120805,453,38588,6,43.88475179672241,24.186273610591886
2024120805,453,38588,7,44.32341456413269,23.97210103869438
2024120805,453,38588,8,44.743430614471436,23.746486762166022
2024120805,453,38588,9,45.14939904212952,23.508793807029722
2024120805,453,38588,10,45.54277539253235,23.26084572970867
2024120805,453,38588,11,45.9231698513031,23.005655845999716
2024120805,453,38588,12,46.28947377204895,22.746564695239066
2024120805,453,38588,13,46.64044260978699,22.486765089631078
2024120805,453,38588,14,46.974942684173584,22.22907655239105
2024120805,453,38588,15,47.29218363761902,21.97582459449768
2024120805,453,38588,16,47.59167551994324,21.728847068548202
2024120805,453,38588,17,47.873268127441406,21.489544999599456
2024120805,453,38588,18,48.13711166381836,21.258896881341933
2024120805,453,38588,19,48.38357448577881,21.03756828010082
2024120805,453,38588,20,48.61320376396179,20.825937250256537
2024120805,453,38588,21,48.82666826248169,20.624176934361458
2024120805,453,38588,22,49.02475833892822,20.432285743951795
2024120805,453,38588,23,49.208292961120605,20.250104832649228
2024120805,453,38588,24,49.37815189361572,20.077400696277618
2024120805,453,38588,25,49.53520059585571,19.913861995935438
2024120805,453,38588,26,49.68031167984009,19.759129738807676
2024120805,453,38588,27,49.81433629989624,19.61279410123825
2024120805,453,38588,28,49.9381148815155,19.47444208264351
2024120805,453,38588,29,50.052387714385986,19.343660682439804
2024120805,453,47877,1,48.841763734817505,37.50962160825729
2024120805,453,47877,2,49.931005239486694,37.263787776231766
2024120805,453,47877,3,51.00135326385498,37.02598204016685
2024120805,453,47877,4,51.99644923210144,36.80888669490814
2024120805,453,47877,5,52.92075276374817,36.613191133737566
2024120805,453,47877,6,53.79466652870178,36.43165831565857
2024120805,453,47877,7,54.6422803401947,36.26513648033142
2024120805,453,47877,8,55.47579288482666,36.111090439558026
2024120805,453,47877,9,56.298805475234985,35.96796349883079
2024120805,453,47877,10,57.10959434509277,35.83485976457596
2024120805,453,47877,11,57.903971672058105,35.709650695323944
2024120805,453,47877,12,58.67703080177307,35.59172949790955
2024120805,453,47877,13,59.424190521240234,35.48128361105919
2024120805,453,47877,14,60.141634941101074,35.37837975025177
2024120805,453,47877,15,60.82791566848755,35.283986878395076
2024120805,453,47877,16,61.48107290267944,35.19789849519729
2024120805,453,47877,17,62.099833488464355,35.11970477700233
2024120805,453,47877,18,62.68369674682617,35.04894506931305
2024120805,453,47877,19,63.232784271240234,34.98514283299446
2024120805,453,47877,20,63.74774694442749,34.92781199812889
2024120805,453,47877,21,64.22954320907593,34.876479202508925
2024120805,453,47877,22,64.6794605255127,34.830677437782285
2024120805,453,47877,23,65.09895086288452,34.789955580234526
2024120805,453,47877,24,65.48958778381348,34.75387839078903
2024120805,453,47877,25,65.85302352905273,34.722026515007016
2024120805,453,47877,26,66.19088888168335,34.69402507543564
2024120805,453,47877,27,66.50485754013062,34.669515079259874
2024120805,453,47877,28,66.7965030670166,34.64815977215767
2024120805,453,47877,29,67.06738471984863,34.62965099215507
2024120805,453,54622,1,50.86049795150757,18.269803568720818
2024120805,453,54622,2,51.96881175041199,18.577523949742318
2024120805,453,54622,3,53.04723143577576,18.874052014946937
2024120805,453,54622,4,54.03620481491089,19.14459440112114
2024120805,453,54622,5,54.93689775466919,19.390506067872046
2024120805,453,54622,6,55.7697594165802,19.620272588729858
2024120805,453,54622,7,56.5558648109436,19.83870065510273
2024120805,453,54622,8,57.30963706970215,20.049175283312795
2024120805,453,54622,9,58.03744912147522,20.253518441319464
2024120805,453,54622,10,58.74089956283569,20.45212724506855
2024120805,453,54622,11,59.419963359832764,20.64526379108429
2024120805,453,54622,12,60.07407188415527,20.832305401563644
2024120805,453,54622,13,60.700786113739014,21.012391129136084
2024120805,453,54622,14,61.29808187484741,21.18479663431644
2024120805,453,54622,15,61.86460018157959,21.348994547128676
2024120805,453,54622,16,62.39961862564087,21.5046512901783
2024120805,453,54622,17,62.90299415588379,21.651623901724815
2024120805,453,54622,18,63.375091552734375,21.78992985486984
2024120805,453,54622,19,63.81664752960205,21.919704169034958
2024120805,453,54622,20,64.22871351242065,22.041183525323866
2024120805,453,54622,21,64.61256265640259,22.15467449724674
2024120805,453,54622,22,64.96963262557983,22.260534489154814
2024120805,453,54622,23,65.3013825416565,22.359151086211202
2024120805,453,54622,24,65.60937166213989,22.450935700535773
2024120805,453,54622,25,65.89513778686523,22.536306098103523
2024120805,453,54622,26,66.16016864776611,22.61567051410675
2024120805,453,54622,27,66.40592336654663,22.68943082988262
2024120805,453,54622,28,66.63384675979614,22.757982572913168
2024120805,453,54622,29,66.84528350830078,22.821681559085846
2024120805,453,55965,1,49.57372069358826,20.577784261107443
2024120805,453,55965,2,51.01350545883179,20.738860842585563
2024120805,453,55965,3,52.37355709075928,20.884926441311833
2024120805,453,55965,4,53.64542841911316,21.011660435795783
2024120805,453,55965,5,54.8602294921875,21.123904463648795
2024120805,453,55965,6,56.04620933532715,21.22742941379547
2024120805,453,55965,7,57.219557762145996,21.32597452998161
2024120805,453,55965,8,58.385982513427734,21.42215283513069
2024120805,453,55965,9,59.543445110321045,21.516971415281294
2024120805,453,55965,10,60.68564414978027,21.610230123996732
2024120805,453,55965,11,61.80518388748169,21.70150325298309
2024120805,453,55965,12,62.895047664642334,21.79030949771404
2024120805,453,55965,13,63.94928455352783,21.876216796040534
2024120805,453,55965,14,64.9632740020752,21.958882039785383
2024120805,453,55965,15,65.93369007110596,22.038028836250305
2024120805,453,55965,16,66.85845851898193,22.113491985201833
2024120805,453,55965,17,67.73649215698242,22.185171413421628
2024120805,453,55965,18,68.56759071350098,22.253043293952942
2024120805,453,55965,19,69.3522047996521,22.31713780760765
2024120805,453,55965,20,70.09132146835327,22.377513727545736
2024120805,453,55965,21,70.78631401062012,22.434280657768248
2024120805,453,55965,22,71.43884181976318,22.48756885230541
2024120805,453,55965,23,72.05075025558472,22.537514919042586
2024120805,453,55965,24,72.62399911880493,22.584279292821883
2024120805,453,55965,25,73.16063404083252,22.62801605463028
2024120805,453,55965,26,73.66270065307617,22.668898347020146
2024120805,453,55965,27,74.13223028182983,22.707086604833602
2024120805,453,55965,28,74.57119703292847,22.742749205231664
2024120805,453,55965,29,74.9815320968628,22.776025933027267
2024120805,453,56543,1,50.780428647994995,28.35673126578331
2024120805,453,56543,2,51.40410304069519,28.18329008221626
2024120805,453,56543,3,52.105751037597656,27.982092082500458
2024120805,453,56543,4,52.81747341156006,27.77963284254074
2024120805,453,56543,5,53.51889967918396,27.58190722465515
2024120805,453,56543,6,54.21759009361267,27.38456601500511
2024120805,453,56543,7,54.924724102020264,27.18855276107788
2024120805,453,56543,8,55.64300537109375,26.9920883834362
2024120805,453,56543,9,56.368889808654785,26.794032365083694
2024120805,453,56543,10,57.09614038467407,26.594399002194404
2024120805,453,56543,11,57.81954288482666,26.394781523942946
2024120805,453,56543,12,58.53362560272217,26.19685893654823
2024120805,453,56543,13,59.23340320587158,26.00214981138706
2024120805,453,56543,14,59.91466999053955,25.811964631080627
2024120805,453,56543,15,60.57410717010498,25.62730571627617
2024120805,453,56543,16,61.20926856994629,25.448938706517218
2024120805,453,56543,17,61.818509101867676,25.277392560243605
2024120805,453,56543,18,62.400877475738525,25.11298020482063
2024120805,453,56543,19,62.95595169067383,24.955850955843925
2024120805,453,56543,20,63.48383903503418,24.806020697951315
2024120805,453,56543,21,63.9849328994751,24.663397300243375
2024120805,453,56543,22,64.4599199295044,24.5278107970953
2024120805,453,56543,23,64.90967988967896,24.39904198050499
2024120805,453,56543,24,65.33525705337524,24.276806515455245
2024120805,453,56543,25,65.73777437210083,24.160807359218595
2024120805,453,56543,26,66.11839771270752,24.050734761357305
2024120805,453,56543,27,66.47831439971924,23.946267852187155
2024120805,453,56543,28,66.81873321533203,23.84708417356014
2024120805,453,56543,29,67.14081287384033,23.752867621183395
2024120805,566,54571,1,51.34152889251709,28.097034910321234
2024120805,566,54571,2,51.36943817138672,28.68676003217697
2024120805,566,54571,3,51.37930870056152,29.22127968370914
2024120805,566,54571,4,51.375060081481934,29.720533850789067
2024120805,566,54571,5,51.36528253555298,30.20961549580097
2024120805,566,54571,6,51.350319385528564,30.698786094784737
2024120805,566,54571,7,51.33084297180176,31.193527436256407
2024120805,566,54571,8,51.30945682525635,31.695702788233756
2024120805,635,46902,1,7.831077575683594,22.28388172984123
2024120805,635,46902,2,7.8013014793396,22.055130237340926
2024120805,635,46902,3,7.777440547943115,21.789488261938093
2024120805,635,46902,4,7.759501934051514,21.5213841676712
2024120805,635,46902,5,7.7445387840271,21.254878067970274
2024120805,635,46902,6,7.724204063415527,20.98515691757202
2024120805,635,53509,1,10.158605575561523,13.874455976486203
2024120805,635,53509,2,10.243964195251465,14.067038148641586
2024120805,635,53509,3,10.300333499908447,14.308745151758195
2024120805,635,53509,4,10.334343910217285,14.561765193939209
2024120805,635,53509,5,10.352447032928467,14.819928681850435
2024120805,635,53509,6,10.361387729644775,15.087962883710858
2024120805,635,54556,1,12.795109748840332,20.23501442670822
2024120805,635,54556,2,12.345757484436035,19.997424721717834
2024120805,635,54556,3,11.90218448638916,19.755193525552748
2024120805,635,54556,4,11.443161964416504,19.502615076303478
2024120805,635,54556,5,10.948648452758789,19.23061606884003
2024120805,635,54556,6,10.40590524673462,18.933036440610884
2024120805,700,38588,1,46.806907653808594,28.82547104358673
2024120805,700,38588,2,47.07573652267456,28.92756796479225
2024120805,700,38588,3,47.37432360649109,29.085839319229123
2024120805,700,38588,4,47.679548263549805,29.254982119798658
2024120805,700,38588,5,47.97717332839966,29.42894749641418
2024120805,700,38588,6,48.263654708862305,29.616869115829466
2024120805,700,38588,7,48.54640245437622,29.824287539720533
2024120805,700,38588,8,48.82930397987366,30.052546608448026
2024120805,700,38588,9,49.11320686340332,30.299756050109863
2024120805,700,38588,10,49.39707398414612,30.562170267105103
2024120805,700,38588,11,49.678934812545776,30.83534791469574
2024120805,700,38588,12,49.956557750701904,31.114908009767532
2024120805,700,38588,13,50.22785782814026,31.396873039007186
2024120805,700,38588,14,50.491050481796265,31.677834159135816
2024120805,700,47890,1,45.50220608711243,18.624752154946325
2024120805,700,47890,2,46.20395064353943,18.453269547224043
2024120805,700,47890,3,46.872278451919556,18.28754194378853
2024120805,700,47890,4,47.47896194458008,18.142419892549515
2024120805,700,47890,5,48.03699016571045,18.0099594861269
2024120805,700,47890,6,48.57948303222656,17.88031066060066
2024120805,700,47890,7,49.131749868392944,17.747605630755423
2024120805,700,47890,8,49.70571756362915,17.609240904450417
2024120805,700,47890,9,50.30316710472107,17.465025866031645
2024120805,700,47890,10,50.91978907585144,17.316153451800346
2024120805,700,47890,11,51.548495292663574,17.164437687397
2024120805,700,47890,12,52.1814501285553,17.011821264028548
2024120805,700,47890,13,52.81126141548157,16.86011661887169
2024120805,700,47890,14,53.431549072265625,16.710859796404836
2024120805,700,52453,1,47.31657385826111,10.098394817113876
2024120805,700,52453,2,47.83188343048096,9.804649740457535
2024120805,700,52453,3,48.340290784835815,9.517041693627833
2024120805,700,52453,4,48.81787419319153,9.246259449422359
2024120805,700,52453,5,49.27095651626587,8.984417873620986
2024120805,700,52453,6,49.71762657165527,8.721183215081691
2024120805,700,52453,7,50.17127752304077,8.44979417771101
2024120805,700,52453,8,50.634180307388306,8.166222417354584
2024120805,700,52453,9,51.10215783119202,7.869657817482948
2024120805,700,52453,10,51.57284617424011,7.562081192433833
2024120805,700,52453,11,52.043330669403076,7.246613079309463
2024120805,700,52453,12,52.510292530059814,6.926687736809253
2024120805,700,52453,13,52.97040939331055,6.605654043704271
2024120805,700,52453,14,53.420655727386475,6.286551128327846
2024120805,700,54622,1,51.12171292304993,9.238311570882797
2024120805,700,54622,2,51.67227745056152,9.127309721708297
2024120805,700,54622,3,52.25428819656372,8.98201055675745
2024120805,700,54622,4,52.80990242958069,8.826658004522324
2024120805,700,54622,5,53.342628479003906,8.668400946259498
2024120805,700,54622,6,53.863266706466675,8.501653549075126
2024120805,700,54622,7,54.38695549964905,8.32319599688053
2024120805,700,54622,8,54.9205756187439,8.132478681206702
2024120805,700,54622,9,55.46396613121033,7.930700892210006
2024120805,700,54622,10,56.013346910476685,7.7188975140452385
2024120805,700,54622,11,56.566529273986816,7.501579783856869
2024120805,700,54622,12,57.117358446121216,7.282031850516796
2024120805,700,54622,13,57.66019105911255,7.063127245008945
2024120805,700,54622,14,58.19035291671753,6.847228012979031
2024120805,700,55900,1,48.16269636154175,14.488151016831397
2024120805,700,55900,2,49.33889150619507,14.390400132536888
2024120805,700,55900,3,50.432084798812866,14.29417417347431
2024120805,700,55900,4,51.46850109100342,14.196699681878089
2024120805,700,55900,5,52.49203562736511,14.096539098024367
2024120805,700,55900,6,53.52669954299927,13.992135727405547
2024120805,700,55900,7,54.57420229911804,13.883202058076858
2024120805,700,55900,8,55.63718318939209,13.76949028968811
2024120805,700,55900,9,56.712212562561035,13.652013862133025
2024120805,700,55900,10,57.7916693687439,13.532145208120346
2024120805,700,55900,11,58.866387605667114,13.411307591199874
2024120805,700,55900,12,59.927390813827515,13.290822613239287
2024120805,700,55900,13,60.96676826477051,13.171837145090102
2024120805,700,55900,14,61.977996826171875,13.055274084210396
2024120805,700,56543,1,59.129462242126465,26.13678800165653
2024120805,700,56543,2,59.41561460494995,25.897986298799513
2024120805,700,56543,3,59.78622078895569,25.63874742090702
2024120805,700,56543,4,60.19178867340088,25.382559981942176
2024120805,700,56543,5,60.618159770965576,25.134268796443937
2024120805,700,56543,6,61.07032299041748,24.89033794403076
2024120805,700,56543,7,61.55409336090088,24.646851861476897
2024120805,700,56543,8,62.06904172897339,24.401445326209068
2024120805,700,56543,9,62.611656188964844,24.155039647221564
2024120805,700,56543,10,63.175835609436035,23.908746749162674
2024120805,700,56543,11,63.75436305999756,23.664236107468604
2024120805,700,56543,12,64.34002161026001,23.423299509286878
2024120805,700,56543,13,64.9262022972107,23.187608018517494
2024120805,700,56543,14,65.50729036331177,22.95853565633297
2024120805,723,47890,1,42.81023383140564,18.179804387688637
2024120805,723,47890,2,43.326770067214966,17.92638881802559
2024120805,723,47890,3,43.85048747062683,17.67734152376652
2024120805,723,47890,4,44.329344034194946,17.448110315203667
2024120805,723,47890,5,44.776657819747925,17.239838886260987
2024120805,723,47890,6,45.224093198776245,17.04499633014202
2024120805,723,47890,7,45.693873167037964,16.85673160254955
2024120805,723,47890,8,46.19584321975708,16.67123874425888
2024120805,723,47890,9,46.73026442527771,16.487219980359075
2024120805,723,47890,10,47.29182958602905,16.304899284243582
2024120805,723,47890,11,47.8726065158844,16.125271034240722
2024120805,723,48097,1,44.69298720359802,11.723624388873576
2024120805,723,48097,2,44.992403984069824,11.373123501241206
2024120805,723,48097,3,45.319132804870605,11.012693126499652
2024120805,723,48097,4,45.660942792892456,10.656912185251713
2024120805,723,48097,5,46.02262258529663,10.298466596007346
2024120805,723,48097,6,46.41021251678467,9.929124145209789
2024120805,723,48097,7,46.82530760765076,9.545198008418083
2024120805,723,48097,8,47.26518630981445,9.147353751957416
2024120805,723,48097,9,47.72440552711487,8.73896447867155
2024120805,723,48097,10,48.19643497467041,8.324651029706
2024120805,723,48097,11,48.67469072341919,7.909218508005142
2024120805,723,54622,1,50.075565576553345,13.033871917426586
2024120805,723,54622,2,50.16936779022217,12.809895347058772
2024120805,723,54622,3,50.339155197143555,12.555866630375384
2024120805,723,54622,4,50.54297089576721,12.303833024203776
2024120805,723,54622,5,50.77053666114807,12.056600549817084
2024120805,723,54622,6,51.02206349372864,11.807037799060344
2024120805,723,54622,7,51.30029797554016,11.548730555176734
2024120805,723,54622,8,51.604381799697876,11.27940890341997
2024120805,723,54622,9,51.938477754592896,11.00086701363325
2024120805,723,54622,10,52.295358180999756,10.715781447291373
2024120805,723,54622,11,52.66302466392517,10.425745433568954
2024120805,911,52518,1,76.2545907497406,13.392363572120665
2024120805,911,52518,2,75.79934477806091,12.875550526380536
2024120805,911,52518,3,75.38026213645935,12.3719979763031
2024120805,911,52518,4,75.01268148422241,11.909138691425326
2024120805,911,52518,5,74.68640327453613,11.484211921691895
2024120805,911,52518,6,74.38940763473511,11.0859713435173
2024120805,911,52518,7,74.10788297653198,10.704555773735045
2024120805,911,52518,8,73.83493781089783,10.334056127071378
2024120805,911,52518,9,73.56764674186707,9.972362923622129
2024120805,911,52518,10,73.30555200576782,9.61966995596886
2024120805,911,52518,11,73.05339574813843,9.275974047183993
2024120805,911,52518,12,72.81213283538818,8.942971676588058
2024120805,911,52518,13,72.58212447166443,8.62249275445938
2024120805,911,52518,14,72.36369609832764,8.31600184440613
2024120805,911,52518,15,72.15532779693604,8.024591809511186
2024120805,911,52518,16,71.95587158203125,7.748952043056491
2024120805,911,52518,17,71.76578521728516,7.489343053102495
2024120805,911,52518,18,71.58536553382874,7.245739424228667
2024120805,911,52518,19,71.41470909118652,7.0178457021713285
2024120805,911,57213,1,74.57804918289185,12.446490573883054
2024120805,911,57213,2,73.997962474823,11.828476500511172
2024120805,911,57213,3,73.46746802330017,11.252982425689694
2024120805,911,57213,4,72.9942262172699,10.726146173477176
2024120805,911,57213,5,72.5596833229065,10.233372938632968
2024120805,911,57213,6,72.14619755744934,9.759213322401045
2024120805,911,57213,7,71.74281477928162,9.29397451877594
2024120805,911,57213,8,71.34455680847168,8.83364406824112
2024120805,911,57213,9,70.95044016838074,8.377983701229098
2024120805,911,57213,10,70.56156992912292,7.928810620307921
2024120805,911,57213,11,70.17997741699219,7.488688606023786
2024120805,911,57213,12,69.80787634849548,7.060251331329347
2024120805,911,57213,13,69.44728016853333,6.645786184072492
2024120805,911,57213,14,69.09978032112122,6.247113543748853
2024120805,911,57213,15,68.76664638519287,5.865570896863936
2024120805,911,57213,16,68.44865441322327,5.501990598440173
2024120805,911,57213,17,68.14624071121216,5.156820595264435
2024120805,911,57213,18,67.85956978797913,4.830156195163724
2024120805,911,57213,19,67.58856654167175,4.521819490194318
2024120805,934,43329,1,75.14313697814941,19.001943999528883
2024120805,934,43329,2,74.77209448814392,19.49614685177803
2024120805,934,43329,3,74.43939685821533,19.96433384418487
2024120805,934,43329,4,74.10520792007446,20.40604432225227
2024120805,934,43329,5,73.7670886516571,20.831816154718396
2024120805,934,43329,6,73.41952085494995,21.253680366277692
2024120805,934,43329,7,73.05991530418396,21.678521358966826
2024120805,934,43329,8,72.68906235694885,22.108121389150618
2024120805,934,43329,9,72.31000542640686,22.54094282388687
2024120805,934,43329,10,71.92684650421143,22.973796027898786
2024120805,934,43329,11,71.54379487037659,23.40297352671623
2024120805,934,52518,1,75.62115669250488,17.626073855161664
2024120805,934,52518,2,75.20952701568604,17.994203513860704
2024120805,934,52518,3,74.74798321723938,18.360852724313737
2024120805,934,52518,4,74.28889274597168,18.698846048116685
2024120805,934,52518,5,73.84406805038452,19.011144381761547
2024120805,934,52518,6,73.40511918067932,19.30626189112663
2024120805,934,52518,7,72.96430706977844,19.593217873573302
2024120805,934,52518,8,72.51859903335571,19.87674277424812
2024120805,934,52518,9,72.06899642944336,20.15816772580147
2024120805,934,52518,10,71.61582827568054,20.43636491894722
2024120805,934,52518,11,71.16034984588623,20.70925981998443
2024120805,934,54586,1,76.47526860237122,37.62534278333187
2024120805,934,54586,2,75.96582770347595,37.70508525371551
2024120805,934,54586,3,75.3542411327362,37.81887644529343
2024120805,934,54586,4,74.73255157470703,37.94017630517482
2024120805,934,54586,5,74.11118745803833,38.060052901506424
2024120805,934,54586,6,73.49725127220154,38.18987486958503
2024120805,934,54586,7,72.88174867630005,38.333462464809415
2024120805,934,54586,8,72.26116418838501,38.491621038317675
2024120805,934,54586,9,71.63241147994995,38.661467528343195
2024120805,934,54586,10,70.99885940551758,38.83999973833561
2024120805,934,54586,11,70.36750674247742,39.024482333660124
2024120805,1201,47877,1,43.51339817047119,10.852930998802186
2024120805,1201,47877,2,42.78634786605835,10.475048172473905
2024120805,1201,47877,3,42.0817494392395,10.096876245737079
2024120805,1201,47877,4,41.43509387969971,9.742159575223923
2024120805,1201,47877,5,40.83874225616455,9.411076068878174
2024120805,1201,47877,6,40.27426242828369,9.09693829417229
2024120805,1201,47877,7,39.725940227508545,8.79255368709564
2024120805,1201,47877,8,39.184842109680176,8.494097226858138
2024120805,1201,47877,9,38.6483359336853,8.20056182742119
2024120805,1201,47877,10,38.1176233291626,7.9126209974288955
2024120805,1201,47877,11,37.59711742401123,7.6307449221610995
2024120805,1201,47877,12,37.0913028717041,7.355867618322371
2024120805,1201,47877,13,36.60289764404297,7.089885711669922
2024120805,1201,47877,14,36.13170146942139,6.834857851266861
2024120805,1201,47877,15,35.679144859313965,6.591943615674971
2024120805,1201,47877,16,35.246922969818115,6.3617847442626925
2024120805,1201,47877,17,34.83613729476929,6.144654452800751
2024120805,1201,47877,18,34.447317123413086,5.940594041347502
2024120805,1201,47877,19,34.08053398132324,5.749438309669493
2024120805,1201,47877,20,33.73556613922119,5.5708505034446745
2024120805,1201,47877,21,33.41187000274658,5.404373145103456
2024120805,1201,47877,22,33.10871601104736,5.249469333887099
2024120805,1201,47877,23,32.82524585723877,5.105544984340668
2024120805,1201,47877,24,32.56049394607544,4.971996480226515
2024120805,1201,52453,1,30.166568756103516,17.047301191091535
2024120805,1201,52453,2,29.519476890563965,16.737315660715105
2024120805,1201,52453,3,28.834455013275146,16.434039801359177
2024120805,1201,52453,4,28.16328763961792,16.151318663358687
2024120805,1201,52453,5,27.502284049987793,15.887849706411359
2024120805,1201,52453,6,26.83238983154297,15.637736552953719
2024120805,1201,52453,7,26.143770217895508,15.393646854162213
2024120805,1201,52453,8,25.427298545837402,15.156635349988939
2024120805,1201,52453,9,24.683411121368408,14.926139724254604
2024120805,1201,52453,10,23.917336463928223,14.702067846059798
2024120805,1201,52453,11,23.136413097381592,14.484835892915726
2024120805,1201,52453,12,22.348580360412598,14.275085604190828
2024120805,1201,52453,13,21.561505794525146,14.07347460389137
2024120805,1201,52453,14,20.78212022781372,13.880622392892839
2024120805,1201,52453,15,20.01641035079956,13.696999156475066
2024120805,1201,52453,16,19.26931858062744,13.522954356670375
2024120805,1201,52453,17,18.54482889175415,13.358684962987901
2024120805,1201,52453,18,17.84599542617798,13.204260867834094
2024120805,1201,52453,19,17.175071239471436,13.05964077115059
2024120805,1201,52453,20,16.533594131469727,12.924688065052031
2024120805,1201,52453,21,15.922551155090332,12.799180364608766
2024120805,1201,52453,22,15.342350006103516,12.682841277122499
2024120805,1201,52453,23,14.793047904968262,12.575327694416046
2024120805,1201,52453,24,14.274351596832275,12.476277446746828
2024120805,1201,54831,1,42.611188888549805,24.353106784820554
2024120805,1201,54831,2,41.42768383026123,24.286553329229353
2024120805,1201,54831,3,40.29077768325806,24.223227632045745
2024120805,1201,54831,4,39.250617027282715,24.154024618864057
2024120805,1201,54831,5,38.30334663391113,24.08827492594719
2024120805,1201,54831,6,37.42732286453247,24.039706057310102
2024120805,1201,54831,7,36.5972113609314,24.01349958181381
2024120805,1201,54831,8,35.79615354537964,24.00965549945831
2024120805,1201,54831,9,35.01657485961914,24.02644873857498
2024120805,1201,54831,10,34.256837368011475,24.061280572414397
2024120805,1201,54831,11,33.518478870391846,24.111234581470487
2024120805,1201,54831,12,32.80426740646362,24.17346106171608
2024120805,1201,54831,13,32.11714267730713,24.245345401763913
2024120805,1201,54831,14,31.45962953567505,24.324571621418
2024120805,1201,54831,15,30.83357334136963,24.40917955636978
2024120805,1201,54831,16,30.240118503570557,24.497510850429535
2024120805,1201,54831,17,29.67972993850708,24.58820895552635
2024120805,1201,54831,18,29.152286052703857,24.68016830086708
2024120805,1201,54831,19,28.657221794128418,24.77250252366066
2024120805,1201,54831,20,28.193585872650146,24.864496815204618
2024120805,1201,54831,21,27.760155200958252,24.95560474395752
2024120805,1201,54831,22,27.355542182922363,25.045387893915176
2024120805,1201,54831,23,26.978201866149902,25.133528572320937
2024120805,1201,54831,24,26.626553535461426,25.21978533267975
2024120805,1201,55965,1,39.27647352218628,14.386957931518552
2024120805,1201,55965,2,38.27256202697754,13.954946613311769
2024120805,1201,55965,3,37.32931852340698,13.543416947126389
2024120805,1201,55965,4,36.45742893218994,13.159609150886538
2024120805,1201,55965,5,35.628204345703125,12.79605744481087
2024120805,1201,55965,6,34.81424331665039,12.444155532121655
2024120805,1201,55965,7,33.99989604949951,12.098597943782806
2024120805,1201,55965,8,33.18020582199097,11.757434046268465
2024120805,1201,55965,9,32.35705375671387,11.420972001552585
2024120805,1201,55965,10,31.53585433959961,11.090685904026031
2024120805,1201,55965,11,30.723166465759277,10.768462848663333
2024120805,1201,55965,12,29.925363063812256,10.456161338090894
2024120805,1201,55965,13,29.14801597595215,10.155325359106065
2024120805,1201,55965,14,28.39561700820923,9.86715579032898
2024120805,1201,55965,15,27.671549320220947,9.59215140938759
2024120805,1201,55965,16,26.977722644805908,9.330480593442914
2024120805,1201,55965,17,26.31429433822632,9.082505512237546
2024120805,1201,55965,18,25.682151317596436,8.84822934269905
2024120805,1201,55965,19,25.081565380096436,8.627464646100997
2024120805,1201,55965,20,24.512386322021484,8.41989055275917
2024120805,1201,55965,21,23.97404909133911,8.225071823596956
2024120805,1201,55965,22,23.465745449066162,8.042506504058835
2024120805,1201,55965,23,22.98645257949829,7.87163863182068
2024120805,1201,55965,24,22.535033226013184,7.711883652210233
2024120805,1201,56540,1,48.059935569763184,17.118928200006486
2024120805,1201,56540,2,47.71385908126831,16.636047917604444
2024120805,1201,56540,3,47.39271640777588,16.140774440765377
2024120805,1201,56540,4,47.11536169052124,15.665795177221298
2024120805,1201,56540,5,46.87130928039551,15.213753330707547
2024120805,1201,56540,6,46.65208339691162,14.778704869747159
2024120805,1201,56540,7,46.4505672454834,14.354130738973616
2024120805,1201,56540,8,46.262075901031494,13.936367940902706
2024120805,1201,56540,9,46.08074426651001,13.525006651878357
2024120805,1201,56540,10,45.90852499008179,13.121003127098085
2024120805,1201,56540,11,45.74556112289429,12.725971245765685
2024120805,1201,56540,12,45.591487884521484,12.341807633638382
2024120805,1201,56540,13,45.446083545684814,11.970256423950197
2024120805,1201,56540,14,45.30919075012207,11.612766295671463
2024120805,1201,56540,15,45.1806378364563,11.270398342609404
2024120805,1201,56540,16,45.06018877029419,10.943826073408125
2024120805,1201,56540,17,44.947571754455566,10.633383065462112
2024120805,1201,56540,18,44.84248638153076,10.339113795757292
2024120805,1201,56540,19,44.74459648132324,10.060818117856982
2024120805,1201,56540,20,44.65350151062012,9.798137038946152
2024120805,1201,56540,21,44.56882953643799,9.550540012121203
2024120805,1201,56540,22,44.490180015563965,9.317413890361784
2024120805,1201,56540,23,44.417173862457275,9.098075634241106
2024120805,1201,56540,24,44.3494176864624,8.891797727346422
2024120805,1231,54622,1,46.664721965789795,37.62625456154346
2024120805,1231,54622,2,46.14390850067139,37.46984806358814
2024120805,1231,54622,3,45.573506355285645,37.296244856715205
2024120805,1231,54622,4,45.01906156539917,37.12578680813313
2024120805,1231,54622,5,44.48258399963379,36.961387160420415
2024120805,1231,54622,6,43.94717216491699,36.80019303262233
2024120805,1231,54622,7,43.396711349487305,36.63893695473671
2024120805,1231,54622,8,42.82495737075806,36.47581760883331
2024120805,1231,54622,9,42.23468542098999,36.307599294185636
2024120805,1231,56540,1,49.55118656158447,35.038272181153296
2024120805,1231,56540,2,49.52850580215454,35.36250146627426
2024120805,1231,56540,3,49.489238262176514,35.703936991095546
2024120805,1231,56540,4,49.440486431121826,36.041302871704104
2024120805,1231,56540,5,49.389488697052,36.37195749282837
2024120805,1231,56540,6,49.341087341308594,36.70236749053001
2024120805,1231,56540,7,49.298014640808105,37.03832281529903
2024120805,1231,56540,8,49.258460998535156,37.381988543272016
2024120805,1231,56540,9,49.220924377441406,37.7324973732233
2024120805,1231,57134,1,47.5609016418457,36.91969475150108
2024120805,1231,57134,2,46.42812967300415,36.79851879179478
2024120805,1231,57134,3,45.349788665771484,36.68187948465347
2024120805,1231,57134,4,44.312803745269775,36.56936700642109
2024120805,1231,57134,5,43.27777862548828,36.46126410365105
2024120805,1231,57134,6,42.22158908843994,36.35644773244857
2024120805,1231,57134,7,41.147775650024414,36.250154089927676
2024120805,1231,57134,8,40.05307674407959,36.144378286600116
2024120805,1231,57134,9,38.94176244735718,36.04041650891304
2024120805,1303,47890,1,33.39300870895386,36.554483100771904
2024120805,1303,47890,2,33.02420139312744,36.849672091007236
2024120805,1303,47890,3,32.64084577560425,37.13844845294952
2024120805,1303,47890,4,32.287538051605225,37.40456220209598
2024120805,1303,47890,5,31.955816745758057,37.65158579349517
2024120805,1303,47890,6,31.623330116271973,37.891250032186505
2024120805,1303,47890,7,31.277024745941162,38.13341927826404
2024120805,1303,47890,8,30.911600589752197,38.3828096807003
2024120805,1303,47890,9,30.52757978439331,38.640132871270175
2024120805,1303,47890,10,30.12887477874756,38.9037352591753
2024120805,1303,47890,11,29.720842838287354,39.17082750201225
2024120805,1303,47890,12,29.30901288986206,39.438335922360416
2024120805,1303,47890,13,28.898534774780273,39.70338222384453
2024120805,1303,47890,14,28.49372148513794,39.9634772837162
2024120805,1303,47890,15,28.098063468933105,40.216633933782575
2024120805,1303,52453,1,36.046907901763916,46.46462748646736
2024120805,1303,52453,2,35.797083377838135,46.77059460058808
2024120805,1303,52453,3,35.551464557647705,47.085311370342964
2024120805,1303,52453,4,35.32151699066162,47.39025273397564
2024120805,1303,52453,5,35.1050591468811,47.690672535449266
2024120805,1303,52453,6,34.89705562591553,47.9975204527378
2024120805,1303,52453,7,34.69578266143799,48.31803988069296
2024120805,1303,52453,8,34.49747085571289,48.65405278727412
2024120805,1303,52453,9,34.30157661437988,49.00493371486664
2024120805,1303,52453,10,34.1085147857666,49.36795725673437
2024120805,1303,52453,11,33.919079303741455,49.73940084800124
2024120805,1303,52453,12,33.734285831451416,50.1152778416872
2024120805,1303,52453,13,33.55506420135498,50.49175249487161
2024120805,1303,52453,14,33.382272720336914,50.86536791324615
2024120805,1303,52453,15,33.2166051864624,51.23314215317368
2024120805,1303,54622,1,26.655778884887695,40.857984128594396
2024120805,1303,54622,2,25.769798755645752,40.75241879671812
2024120805,1303,54622,3,24.89921808242798,40.630304054915904
2024120805,1303,54622,4,24.09766674041748,40.5050751298666
2024120805,1303,54622,5,23.355495929718018,40.38207402527332
2024120805,1303,54622,6,22.65016794204712,40.257949876785275
2024120805,1303,54622,7,21.961190700531006,40.1293581739068
2024120805,1303,54622,8,21.276884078979492,39.995754073560235
2024120805,1303,54622,9,20.59425115585327,39.857367902994156
2024120805,1303,54622,10,19.916181564331055,39.71303055286407
2024120805,1303,54622,11,19.243340492248535,39.56695860028267
2024120805,1303,54622,12,18.58055591583252,39.421460083127016
2024120805,1303,54622,13,17.9331636428833,39.278101226687426
2024120805,1303,54622,14,17.30564832687378,39.138160744309424
2024120805,1303,54622,15,16.70147180557251,39.002594891190526
2024120805,1303,55900,1,29.02047872543335,38.39070434570312
2024120805,1303,55900,2,28.29157590866089,38.814689156413074
2024120805,1303,55900,3,27.60225534439087,39.20626930594444
2024120805,1303,55900,4,26.933047771453857,39.57410986423492
2024120805,1303,55900,5,26.257917881011963,39.9362939029932
2024120805,1303,55900,6,25.563969612121582,40.30033326745033
2024120805,1303,55900,7,24.84964370727539,40.66872025728225
2024120805,1303,55900,8,24.115619659423828,41.04246195852756
2024120805,1303,55900,9,23.364551067352295,41.41932022571564
2024120805,1303,55900,10,22.603611946105957,41.79672095328569
2024120805,1303,55900,11,21.840662956237793,42.17160078883171
2024120805,1303,55900,12,21.083221435546875,42.54091067612171
2024120805,1303,55900,13,20.337810516357422,42.90200979411602
2024120805,1303,55900,14,19.609787464141846,43.25272194743156
2024120805,1303,55900,15,18.903322219848633,43.59136812984943
2024120805,1303,56543,1,19.131739139556885,31.82646989226341
2024120805,1303,56543,2,18.973689079284668,32.270029342174524
2024120805,1303,56543,3,18.77631425857544,32.714317896962164
2024120805,1303,56543,4,18.558411598205566,33.13926690518856
2024120805,1303,56543,5,18.32847833633423,33.54297815263271
2024120805,1303,56543,6,18.087036609649658,33.93257748782635
2024120805,1303,56543,7,17.833499908447266,34.31483653187752
2024120805,1303,56543,8,17.570292949676514,34.69351994395256
2024120805,1303,56543,9,17.303051948547363,35.069687229394916
2024120805,1303,56543,10,17.030861377716064,35.44157201647758
2024120805,1303,56543,11,16.75510883331299,35.80696475207806
2024120805,1303,56543,12,16.478869915008545,36.16385920643806
2024120805,1303,56543,13,16.204912662506104,36.51037304997444
2024120805,1303,56543,14,15.935547351837158,36.84493846893311
2024120805,1303,56543,15,15.672605037689209,37.16636888086796
2024120805,1524,52518,1,27.157859802246094,40.49064393639564
2024120805,1524,52518,2,26.609711050987244,40.23617839217186
2024120805,1524,52518,3,26.01369559764862,39.97005670070648
2024120805,1524,52518,4,25.431867241859436,39.71644257307052
2024120805,1524,52518,5,24.873361587524414,39.4758284330368
2024120805,1524,52518,6,24.3277645111084,39.24286115765572
2024120805,1524,52518,7,23.78116250038147,39.0128198325634
2024120805,1524,52518,8,23.22805345058441,38.78274356126785
2024120805,1524,53472,1,24.437937140464783,35.32399392724037
2024120805,1524,53472,2,24.026647210121155,35.295709741115566
2024120805,1524,53472,3,23.496007919311523,35.27229260802269
2024120805,1524,53472,4,22.919243574142456,35.25411105155945
2024120805,1524,53472,5,22.317323684692383,35.23885862231254
2024120805,1524,53472,6,21.685245037078857,35.22407320141792
2024120805,1524,53472,7,21.0164737701416,35.20812184810638
2024120805,1524,53472,8,20.31060755252838,35.1924500644207
2024120805,1524,56663,1,20.85712194442749,33.986510598659514
2024120805,1524,56663,2,20.74639141559601,33.741903060674666
2024120805,1524,56663,3,20.630682706832886,33.47029163837433
2024120805,1524,56663,4,20.51333785057068,33.172264063358305
2024120805,1524,56663,5,20.390353202819824,32.84034184813499
2024120805,1524,56663,6,20.258220434188843,32.470137655735016
2024120805,1524,56663,7,20.117865800857544,32.07307254076004
2024120805,1524,56663,8,19.97263491153717,31.655243027210233
2024120805,1603,47877,1,57.360477447509766,13.87403662204742
2024120805,1603,47877,2,57.155277729034424,14.310603654384614
2024120805,1603,47877,3,56.92646026611328,14.732839566469188
2024120805,1603,47877,4,56.695518493652344,15.119538366794586
2024120805,1603,47877,5,56.46827459335327,15.475929278135297
2024120805,1603,47877,6,56.24394178390503,15.813906717300412
2024120805,1603,47877,7,56.02024555206299,16.144180107116696
2024120805,1603,47877,8,55.7965350151062,16.47215340137482
2024120805,1603,47877,9,55.569469928741455,16.799189502000807
2024120805,1603,55965,1,57.97772169113159,14.455484259128568
2024120805,1603,55965,2,57.718398571014404,15.000654560327526
2024120805,1603,55965,3,57.48988151550293,15.513010376691817
2024120805,1603,55965,4,57.26060628890991,15.992373800277711
2024120805,1603,55965,5,57.02997922897339,16.451363587379454
2024120805,1603,55965,6,56.79546117782593,16.903173518180843
2024120805,1603,55965,7,56.5558648109436,17.355377388000484
2024120805,1603,55965,8,56.31185531616211,17.810195869207384
2024120805,1603,55965,9,56.06519937515259,18.26637407541275
2024120805,1603,56540,1,56.298558712005615,14.366651010513301
2024120805,1603,56540,2,56.177637577056885,13.986029672622678
2024120805,1603,56540,3,56.078553199768066,13.599025887250896
2024120805,1603,56540,4,55.999696254730225,13.225775021314618
2024120805,1603,56540,5,55.93390703201294,12.867401707172391
2024120805,1603,56540,6,55.87411165237427,12.516106587648395
2024120805,1603,56540,7,55.81545352935791,12.164992552995685
2024120805,1603,56540,8,55.755372047424316,11.810790544748308
2024120805,1603,56540,9,55.69762945175171,11.453491032123566
2024120805,1682,47877,1,16.924374103546143,13.832669848203658
2024120805,1682,47877,2,16.62400245666504,13.739188754558562
2024120805,1682,47877,3,16.194212436676025,13.637285625934602
2024120805,1682,47877,4,15.720291137695312,13.538988310098645
2024120805,1682,47877,5,15.218474864959717,13.44809641242027
2024120805,1682,47877,6,14.680209159851074,13.361668097972867
2024120805,1682,47877,7,14.095802307128906,13.278356349468233
2024120805,1682,47877,8,13.464510440826416,13.197487658262254
2024120805,1682,47877,9,12.792627811431885,13.118922239542009
2024120805,1682,55097,1,27.99288511276245,12.81006451845169
2024120805,1682,55097,2,27.760069370269775,12.23668310046196
2024120805,1682,55097,3,27.558810710906982,11.720845371484756
2024120805,1682,55097,4,27.37699270248413,11.233126628398892
2024120805,1682,55097,5,27.20346450805664,10.750818192958832
2024120805,1682,55097,6,27.030844688415527,10.262384641170499
2024120805,1682,55097,7,26.86018466949463,9.77463730573654
2024120805,1682,55097,8,26.690311431884766,9.284659767150877
2024120805,1682,55097,9,26.520402431488037,8.791807109117507
2024120805,1682,57178,1,23.449723720550537,15.12244525551796
2024120805,1682,57178,2,23.32099199295044,14.692273378372192
2024120805,1682,57178,3,23.223495483398438,14.282929438352582
2024120805,1682,57178,4,23.152499198913574,13.91364337801933
2024120805,1682,57178,5,23.1014084815979,13.576790571212769
2024120805,1682,57178,6,23.054509162902832,13.255339509248735
2024120805,1682,57178,7,23.004541397094727,12.936220312118529
2024120805,1682,57178,8,22.94783592224121,12.612875801324847
2024120805,1682,57178,9,22.883219718933105,12.283714336156848
2024120805,1822,43329,1,57.70888924598694,25.235741451382637
2024120805,1822,43329,2,57.79951214790344,25.734082251787186
2024120805,1822,43329,3,57.882574796676636,26.222347426414487
2024120805,1822,43329,4,57.94653654098511,26.690810811519622
2024120805,1822,43329,5,57.99854278564453,27.149000012874602
2024120805,1822,43329,6,58.043861389160156,27.60763080716133
2024120805,1822,43329,7,58.08573246002197,28.072377187013625
2024120805,1822,43329,8,58.125847578048706,28.543969845771787
2024120805,1822,43329,9,58.165000677108765,29.019949841499326
2024120805,1822,43329,10,58.203442096710205,29.496326953172684
2024120805,1822,43329,11,58.24119687080383,29.968732905387878
2024120805,1822,52428,1,50.97804665565491,37.689689862728116
2024120805,1822,52428,2,51.30983233451843,37.342156225442885
2024120805,1822,52428,3,51.64799094200134,37.00576407313347
2024120805,1822,52428,4,51.97294592857361,36.70335233807564
2024120805,1822,52428,5,52.27727293968201,36.42617176175117
2024120805,1822,52428,6,52.5735068321228,36.15772138237953
2024120805,1822,52428,7,52.87139654159546,35.88612266778946
2024120805,1822,52428,8,53.17550182342529,35.6057524561882
2024120805,1822,52428,9,53.486305475234985,35.31573709249496
2024120805,1822,52428,10,53.80181550979614,35.01798273324966
2024120805,1822,52428,11,54.11887764930725,34.71571395993232
2024120805,1822,53472,1,53.48031520843506,23.12217284142971
2024120805,1822,53472,2,53.70317459106445,23.493887662887573
2024120805,1822,53472,3,53.921871185302734,23.881672972440718
2024120805,1822,53472,4,54.127761125564575,24.262713664770125
2024120805,1822,53472,5,54.32313323020935,24.632879734039307
2024120805,1822,53472,6,54.51431393623352,24.997497299313544
2024120805,1822,53472,7,54.706242084503174,25.36185117959976
2024120805,1822,53472,8,54.90127086639404,25.72831453979015
2024120805,1822,53472,9,55.0965678691864,26.096493440866467
2024120805,1822,53472,10,55.293813943862915,26.464005187153816
2024120805,1822,53472,11,55.49156427383423,26.8283527135849
2024120805,1822,55100,1,69.21038389205933,26.197840607166288
2024120805,1822,55100,2,69.80082750320435,25.988539853692053
2024120805,1822,55100,3,70.38739442825317,25.787310084700582
2024120805,1822,55100,4,70.94147443771362,25.600042912364003
2024120805,1822,55100,5,71.47672891616821,25.419912707805633
2024120805,1822,55100,6,72.01825618743896,25.239660191535947
2024120805,1822,55100,7,72.58414506912231,25.05543016195297
2024120805,1822,55100,8,73.17736387252808,24.86292900145054
2024120805,1822,55100,9,73.79533767700195,24.661062258481977
2024120805,1822,55100,10,74.43397521972656,24.45130879282951
2024120805,1822,55100,11,75.08719682693481,24.235865449905393
2024120805,1822,56068,1,49.85002040863037,25.968232932686803
2024120805,1822,56068,2,50.006572008132935,25.721318945288658
2024120805,1822,56068,3,50.174185037612915,25.4462542027235
2024120805,1822,56068,4,50.329824686050415,25.18043273091316
2024120805,1822,56068,5,50.47366261482239,24.923965722322464
2024120805,1822,56068,6,50.60847759246826,24.66427095532417
2024120805,1822,56068,7,50.7369589805603,24.391827178001403
2024120805,1822,56068,8,50.86068034172058,24.10276171565056
2024120805,1822,56068,9,50.98022103309631,23.797624176740644
2024120805,1822,56068,10,51.09552025794983,23.479591488838196
2024120805,1822,56068,11,51.20621681213379,23.152984273433685
2024120805,1822,57233,1,59.92554545402527,41.96036687493324
2024120805,1822,57233,2,59.81448769569397,42.131457132101055
2024120805,1822,57233,3,59.68014121055603,42.35095741152763
2024120805,1822,57233,4,59.541335105895996,42.583432263135904
2024120805,1822,57233,5,59.4068169593811,42.822740685939785
2024120805,1822,57233,6,59.27297115325928,43.074242156744
2024120805,1822,57233,7,59.13908243179321,43.34308965206146
2024120805,1822,57233,8,59.0051007270813,43.63025213479995
2024120805,1822,57233,9,58.871744871139526,43.933445394039154
2024120805,1822,57233,10,58.74006986618042,44.2485648393631
2024120805,1822,57233,11,58.608055114746094,44.571073818206784
2024120805,1847,52518,1,72.65281677246094,20.36791960299015
2024120805,1847,52518,2,72.50291347503662,20.568949225544927
2024120805,1847,52518,3,72.32048749923706,20.807604789733887
2024120805,1847,52518,4,72.13031530380249,21.05120841860771
2024120805,1847,52518,5,71.93449258804321,21.295512560009954
2024120805,1847,52518,6,71.73916339874268,21.548572313785552
2024120805,1847,52518,7,71.5431261062622,21.816530269384383
2024120805,1847,52518,8,71.34626626968384,22.100933590531348
2024120805,1847,57213,1,67.81493425369263,12.795706394314765
2024120805,1847,57213,2,67.89675235748291,13.238172981142997
2024120805,1847,57213,3,67.97971487045288,13.674125277996062
2024120805,1847,57213,4,68.0471420288086,14.097199898958205
2024120805,1847,57213,5,68.1070876121521,14.515679094195365
2024120805,1847,57213,6,68.16551685333252,14.939568597078322
2024120805,1847,57213,7,68.22561264038086,15.374005499482154
2024120805,1847,57213,8,68.28859090805054,15.819237601757049
2024120805,1947,41233,1,70.11805772781372,14.294744431972504
2024120805,1947,41233,2,70.61095476150513,14.371295678615569
2024120805,1947,41233,3,71.21627569198608,14.457056838274001
2024120805,1947,41233,4,71.87089920043945,14.543021321296692
2024120805,1947,41233,5,72.57266521453857,14.630679106712341
2024120805,1947,41233,6,73.33064317703247,14.722182562947273
2024120805,1947,41233,7,74.14707899093628,14.818541952967642
2024120805,1947,41233,8,75.01586437225342,14.919600018858908
2024120805,1947,41233,9,75.92564105987549,15.024470397830008
2024120805,1947,41233,10,76.86288356781006,15.131887084245681
2024120805,1947,41233,11,77.81408071517944,15.240506237745285
2024120805,1947,52518,1,71.35973453521729,20.049597814679146
2024120805,1947,52518,2,71.72197580337524,19.90746207535267
2024120805,1947,52518,3,72.1930718421936,19.75039159953594
2024120805,1947,52518,4,72.69044637680054,19.598062688112257
2024120805,1947,52518,5,73.20221185684204,19.455876117944715
2024120805,1947,52518,6,73.735191822052,19.316953840851784
2024120805,1947,52518,7,74.30017948150635,19.17799185216427
2024120805,1947,52518,8,74.89964962005615,19.037576419115066
2024120805,1947,52518,9,75.5293321609497,18.895794907212256
2024120805,1947,52518,10,76.18431329727173,18.75520156621933
2024120805,1947,52518,11,76.85545206069946,18.616131561994553
2024120805,1947,54586,1,71.80779933929443,9.950029917061329
2024120805,1947,54586,2,72.39508867263794,10.152057889103888
2024120805,1947,54586,3,73.0601978302002,10.362015472352503
2024120805,1947,54586,4,73.7181544303894,10.56086810529232
2024120805,1947,54586,5,74.34849500656128,10.752862545847892
2024120805,1947,54586,6,74.97047424316406,10.937145788967609
2024120805,1947,54586,7,75.59936285018921,11.115918651223183
2024120805,1947,54586,8,76.24080419540405,11.291490758955478
2024120805,1947,54586,9,76.89274549484253,11.466687989234924
2024120805,1947,54586,10,77.54975080490112,11.64217749685049
2024120805,1947,54586,11,78.20810079574585,11.815161202847957
2024120805,1947,55100,1,70.63613176345825,25.519059851765633
2024120805,1947,55100,2,71.07067108154297,25.324309426546094
2024120805,1947,55100,3,71.55462741851807,25.13375413417816
2024120805,1947,55100,4,72.0431399345398,24.955647632479668
2024120805,1947,55100,5,72.54540681838989,24.787640583515167
2024120805,1947,55100,6,73.08307886123657,24.625248754024504
2024120805,1947,55100,7,73.66706371307373,24.463417652249333
2024120805,1947,55100,8,74.30206060409546,24.30290338695049
2024120805,1947,55100,9,74.98470783233643,24.143377146124838
2024120805,1947,55100,10,75.70723056793213,23.98525987267494
2024120805,1947,55100,11,76.45989418029785,23.8293203830719
2024120805,1947,57801,1,78.76741647720337,16.024864238500594
2024120805,1947,57801,2,79.13628816604614,16.233855241537093
2024120805,1947,57801,3,79.5279049873352,16.460895958542825
2024120805,1947,57801,4,79.91532325744629,16.68672785460949
2024120805,1947,57801,5,80.30674695968628,16.912427908182142
2024120805,1947,57801,6,80.71767568588257,17.144632720947264
2024120805,1947,57801,7,81.15026950836182,17.390177452564238
2024120805,1947,57801,8,81.60977125167847,17.64971019625664
2024120805,1947,57801,9,82.09558010101318,17.921672669053077
2024120805,1947,57801,10,82.60545015335083,18.202306565642356
2024120805,1947,57801,11,83.13315868377686,18.488682758808135
2024120805,2274,47890,1,68.75951528549194,20.12446528971195
2024120805,2274,47890,2,68.86638164520264,20.188655111193654
2024120805,2274,47890,3,69.0272855758667,20.30614106953144
2024120805,2274,47890,4,69.19284582138062,20.441109660267827
2024120805,2274,47890,5,69.3668532371521,20.587400820851325
2024120805,2274,47890,6,69.56032276153564,20.752205526828764
2024120805,2274,47890,7,69.78090763092041,20.94071170091629
2024120805,2274,47890,8,70.03050327301025,21.15383906364441
2024120805,2274,47890,9,70.30670642852783,21.389200153946874
2024120805,2274,47890,10,70.60463905334473,21.64252200424671
2024120805,2274,54622,1,67.53913164138794,14.564429047703742
2024120805,2274,54622,2,68.05453777313232,14.478154814243316
2024120805,2274,54622,3,68.63588333129883,14.375363734364509
2024120805,2274,54622,4,69.20830965042114,14.270545774698256
2024120805,2274,54622,5,69.76767539978027,14.167348048090934
2024120805,2274,54622,6,70.33049583435059,14.063880282640456
2024120805,2274,54622,7,70.91321468353271,13.958441233634948
2024120805,2274,54622,8,71.52209758758545,13.850508296489714
2024120805,2274,54622,9,72.15509176254272,13.73786397576332
2024120805,2274,54622,10,72.80587434768677,13.621146833896637
2024120805,2274,55900,1,63.37735891342163,20.60707712173462
2024120805,2274,55900,2,63.4096097946167,20.17069593966007
2024120805,2274,55900,3,63.45681667327881,19.747559368610382
2024120805,2274,55900,4,63.51367950439453,19.3337423145771
2024120805,2274,55900,5,63.57697248458862,18.91164618730545
2024120805,2274,55900,6,63.64287614822388,18.473551052808762
2024120805,2274,55900,7,63.71281385421753,18.019834965467453
2024120805,2274,55900,8,63.78677845001221,17.552658236026762
2024120805,2274,55900,9,63.865599632263184,17.075242269039155
2024120805,2274,55900,10,63.94660234451294,16.59199505150318
2024120805,2343,38588,1,75.22098541259766,19.575495383143423
2024120805,2343,38588,2,75.3015947341919,19.290556749701498
2024120805,2343,38588,3,75.40095806121826,18.99510566294193
2024120805,2343,38588,4,75.48640251159668,18.716900527477264
2024120805,2343,38588,5,75.56430101394653,18.454330641031266
2024120805,2343,38588,6,75.65227031707764,18.193658968806265
2024120805,2343,38588,7,75.75549602508545,17.92460497319698
2024120805,2343,38588,8,75.87533712387085,17.642921102046966
2024120805,2343,38588,9,76.01054191589355,17.348723313212393
2024120805,2343,38588,10,76.15847110748291,17.044624629616738
2024120805,2343,48097,1,71.554856300354,10.598688633739947
2024120805,2343,48097,2,72.05283880233765,10.197647593915462
2024120805,2343,48097,3,72.54120111465454,9.806726656854153
2024120805,2343,48097,4,73.01286220550537,9.433389219641684
2024120805,2343,48097,5,73.48132610321045,9.067277704179286
2024120805,2343,48097,6,73.95999670028687,8.697958286106585
2024120805,2343,48097,7,74.45536851882935,8.320038130879402
2024120805,2343,48097,8,74.96764183044434,7.932768277823925
2024120805,2343,48097,9,75.49307584762573,7.538380518555641
2024120805,2343,48097,10,76.02604150772095,7.140549764037132
2024120805,2343,56543,1,79.34422016143799,13.736678981781004
2024120805,2343,56543,2,79.22460794448853,13.332413360476494
2024120805,2343,56543,3,79.11953687667847,12.922835916280746
2024120805,2343,56543,4,79.02927160263062,12.529738783836365
2024120805,2343,56543,5,78.94988536834717,12.154677863419055
2024120805,2343,56543,6,78.87639999389648,11.789880801737308
2024120805,2343,56543,7,78.80505323410034,11.428317058086394
2024120805,2343,56543,8,78.73374223709106,11.066477715969086
2024120805,2343,56543,9,78.66155862808228,10.703971219062804
2024120805,2343,56543,10,78.58702898025513,10.34247975051403
2024120805,2524,38588,1,99.93428707122803,20.69313055872917
2024120805,2524,38588,2,100.05585193634033,20.392210391163825
2024120805,2524,38588,3,100.17738819122314,20.097354978322983
2024120805,2524,38588,4,100.27069330215454,19.834772384166715
2024120805,2524,38588,5,100.35238981246948,19.593057438731194
2024120805,2524,38588,6,100.43709754943848,19.35509444475174
2024120805,2524,38588,7,100.53015232086182,19.109219312667847
2024120805,2524,55900,1,94.98290777206421,30.135950487852096
2024120805,2524,55900,2,95.122389793396,29.567188322544098
2024120805,2524,55900,3,95.2595329284668,29.04387528300285
2024120805,2524,55900,4,95.397469997406,28.553195643424985
2024120805,2524,55900,5,95.5374526977539,28.07181487083435
2024120805,2524,55900,6,95.67915201187134,27.587311178445816
2024120805,2524,55900,7,95.82584381103516,27.099627381563185
2024120805,2524,57210,1,97.08572387695312,30.335515546798703
2024120805,2524,57210,2,97.0737075805664,29.92884022593498
2024120805,2524,57210,3,97.08742618560791,29.524465000629423
2024120805,2524,57210,4,97.11893320083618,29.14126082062721
2024120805,2524,57210,5,97.16116905212402,28.777861607074737
2024120805,2524,57210,6,97.20997095108032,28.424580907821653
2024120805,2524,57210,7,97.26283550262451,28.073384273052213
2024120805,2549,38588,1,109.64301824569702,33.73323322534561
2024120805,2549,38588,2,109.8357081413269,34.153505796194075
2024120805,2549,38588,3,110.01824855804443,34.548223161697386
2024120805,2549,38588,4,110.1764988899231,34.89650655388832
2024120805,2549,38588,5,110.32692432403564,35.207893109321596
2024120805,2549,38588,6,110.47692775726318,35.501695370674135
2024120805,2549,38588,7,110.63459157943726,35.790636932849885
2024120805,2549,38588,8,110.80333471298218,36.08096363544464
2024120805,2549,38588,9,110.98330020904541,36.37435289621353
2024120805,2549,38588,10,111.17269277572632,36.66979127526283
2024120805,2549,56543,1,111.87167644500732,30.925239080190657
2024120805,2549,56543,2,111.85547590255737,31.133435851335523
2024120805,2549,56543,3,111.86926603317261,31.387501102685928
2024120805,2549,56543,4,111.90642356872559,31.655160427093506
2024120805,2549,56543,5,111.96427345275879,31.929141837358472
2024120805,2549,56543,6,112.04376697540283,32.21281605362892
2024120805,2549,56543,7,112.14537620544434,32.50963004231453
2024120805,2549,56543,8,112.26789236068726,32.82019695043564
2024120805,2549,56543,9,112.40869045257568,33.14259155988693
2024120805,2549,56543,10,112.56532430648804,33.47328112721443
2024120805,2549,57134,1,104.2315149307251,38.801948088407514
2024120805,2549,57134,2,104.3903374671936,39.19377127289772
2024120805,2549,57134,3,104.52082872390747,39.5922024667263
2024120805,2549,57134,4,104.64417457580566,39.98838757276535
2024120805,2549,57134,5,104.77763414382935,40.399161130189896
2024120805,2549,57134,6,104.92210865020752,40.83350113630294
2024120805,2549,57134,7,105.07253408432007,41.28778907060623
2024120805,2549,57134,8,105.22923231124878,41.760792285203934
2024120805,2549,57134,9,105.38899183273315,42.247786688804624
2024120805,2549,57134,10,105.54871559143066,42.7427933037281
2024120805,2549,57210,1,104.5452618598938,38.20800877213478
2024120805,2549,57210,2,104.56496715545654,38.47108696699142
2024120805,2549,57210,3,104.56516742706299,38.76143590807914
2024120805,2549,57210,4,104.55177783966064,39.054412168264385
2024120805,2549,57210,5,104.53227281570435,39.346670442819594
2024120805,2549,57210,6,104.51208114624023,39.64418335556984
2024120805,2549,57210,7,104.49434995651245,39.952135652303696
2024120805,2549,57210,8,104.48060274124146,40.27220475077629
2024120805,2549,57210,9,104.47139739990234,40.60309128761291
2024120805,2549,57210,10,104.46476697921753,40.941656458377835
2024120805,2656,46902,1,79.75227355957031,29.278796368837355
2024120805,2656,46902,2,79.36581373214722,29.41051655113697
2024120805,2656,46902,3,78.92114639282227,29.556883957982063
2024120805,2656,46902,4,78.48448991775513,29.699461290240286
2024120805,2656,46902,5,78.06132674217224,29.83876321017742
2024120805,2656,46902,6,77.62732744216919,29.983076733350753
2024120805,2656,46902,7,77.16779708862305,30.138384014368057
2024120805,2656,52428,1,85.2614951133728,21.884996235370636
2024120805,2656,52428,2,84.96107339859009,22.228800159692764
2024120805,2656,52428,3,84.64717626571655,22.560512697696684
2024120805,2656,52428,4,84.3519401550293,22.86012873649597
2024120805,2656,52428,5,84.06996488571167,23.135193479061126
2024120805,2656,52428,6,83.7886655330658,23.40191560983658
2024120805,2656,52428,7,83.49926590919495,23.671614521741866
2024120805,2656,54571,1,85.27929425239563,26.93900033533573
2024120805,2656,54571,2,84.73425507545471,26.683532470464705
2024120805,2656,54571,3,84.2022693157196,26.423716980218884
2024120805,2656,54571,4,83.66514444351196,26.160162246227262
2024120805,2656,54571,5,83.0963122844696,25.88459237217903
2024120805,2656,54571,6,82.48370289802551,25.593760538101193
2024120805,2656,54571,7,81.83467268943787,25.288657945394515
2024120805,2802,54622,1,75.62987565994263,12.391037303209304
2024120805,2802,54622,2,75.90495586395264,12.632866618037223
2024120805,2802,54622,3,76.25102519989014,12.906408818066119
2024120805,2802,54622,4,76.60869598388672,13.177245070040225
2024120805,2802,54622,5,76.95861339569092,13.442288988828658
2024120805,2802,54622,6,77.31222152709961,13.704626959562301
2024120805,2802,54622,7,77.68429756164551,13.966081744432449
2024120805,2802,54622,8,78.07748079299927,14.228974089026451
2024120805,2802,54622,9,78.48750114440918,14.49465418756008
2024120805,2802,54622,10,78.9077353477478,14.762823408842086
2024120805,2802,54622,11,79.33346271514893,15.030674937367438
2024120805,2802,54622,12,79.75979804992676,15.295476615428925
2024120805,2802,54622,13,80.18394470214844,15.554478812217711
2024120805,2802,54622,14,80.60427188873291,15.805311539769171
2024120805,2802,54622,15,81.01707458496094,16.046613484621048
2024120805,2802,54622,16,81.41945600509644,16.277449041604996
2024120805,2802,54831,1,65.06643533706665,22.96689732968807
2024120805,2802,54831,2,64.97717142105103,22.579799824953078
2024120805,2802,54831,3,64.90499496459961,22.18377991914749
2024120805,2802,54831,4,64.84411954879761,21.81518642902374
2024120805,2802,54831,5,64.781334400177,21.474089246988296
2024120805,2802,54831,6,64.72801923751831,21.1463319838047
2024120805,2802,54831,7,64.68165636062622,20.82087799310684
2024120805,2802,54831,8,64.64037895202637,20.4922899633646
2024120805,2802,54831,9,64.60295677185059,20.159419435262677
2024120805,2802,54831,10,64.56858158111572,19.823715087771415
2024120805,2802,54831,11,64.53678846359253,19.487851893901823
2024120805,2802,54831,12,64.50725555419922,19.154835227131844
2024120805,2802,54831,13,64.47981834411621,18.82752114534378
2024120805,2802,54831,14,64.45434808731079,18.508332055807113
2024120805,2802,54831,15,64.43074464797974,18.19920747280121
2024120805,2802,54831,16,64.40894365310669,17.90157224833965
2024120805,2802,55965,1,52.397940158843994,20.20468271076679
2024120805,2802,55965,2,52.6144015789032,19.780583530664444
2024120805,2802,55965,3,52.84701347351074,19.357323059439658
2024120805,2802,55965,4,53.08038353919983,18.94780756533146
2024120805,2802,55965,5,53.317809104919434,18.542547565698623
2024120805,2802,55965,6,53.56426477432251,18.13101154565811
2024120805,2802,55965,7,53.821871280670166,17.707847970724107
2024120805,2802,55965,8,54.08977031707764,17.272724851965904
2024120805,2802,55965,9,54.36538338661194,16.828503012657166
2024120805,2802,55965,10,54.645291566848755,16.379569789767263
2024120805,2802,55965,11,54.92606163024902,15.930700105428695
2024120805,2802,55965,12,55.20453214645386,15.486333715915679
2024120805,2802,55965,13,55.478070974349976,15.050308349728583
2024120805,2802,55965,14,55.74453949928284,14.625723099708557
2024120805,2802,55965,15,56.002328395843506,14.214971780776978
2024120805,2802,55965,16,56.250282526016235,13.819771522283553
2024120805,2802,56543,1,67.0693588256836,13.634766322374343
2024120805,2802,56543,2,66.78022384643555,13.320802484452724
2024120805,2802,56543,3,66.48455858230591,12.97698188126087
2024120805,2802,56543,4,66.19813442230225,12.632219319045543
2024120805,2802,56543,5,65.92462062835693,12.293326130509376
2024120805,2802,56543,6,65.66052675247192,11.956318448483943
2024120805,2802,56543,7,65.4018759727478,11.616706480085849
2024120805,2802,56543,8,65.14360427856445,11.273176565766335
2024120805,2802,56543,9,64.88352298736572,10.926713553071021
2024120805,2802,56543,10,64.62357759475708,10.579206919670105
2024120805,2802,56543,11,64.36598539352417,10.233270482718943
2024120805,2802,56543,12,64.11476612091064,9.891494232416152
2024120805,2802,56543,13,63.87220859527588,9.556326785683632
2024120805,2802,56543,14,63.639256954193115,9.229843470454215
2024120805,2802,56543,15,63.416526317596436,8.913674050569535
2024120805,2802,56543,16,63.20443868637085,8.60901702195406
2024120805,2870,47890,1,67.15935230255127,13.27058955579996
2024120805,2870,47890,2,67.76895761489868,13.177021890878677
2024120805,2870,47890,3,68.40393304824829,13.081358247995375
2024120805,2870,47890,4,68.99574279785156,12.983790831267832
2024120805,2870,47890,5,69.55209732055664,12.895504808425903
2024120805,2870,47890,6,70.10582685470581,12.818168860673904
2024120805,2870,47890,7,70.68106412887573,12.751793313026427
2024120805,2870,47890,8,71.28843784332275,12.695799964666366
2024120805,2870,47890,9,71.92806959152222,12.649335810542105
2024120805,2870,47890,10,72.59395122528076,12.611473187804222
2024120805,2870,47890,11,73.27729225158691,12.581277285516261
2024120805,2870,47890,12,73.9687442779541,12.557872065901755
2024120805,2870,48097,1,69.75392818450928,1.929572084546089
2024120805,2870,48097,2,69.89242315292358,1.6575150981545448
2024120805,2870,48097,3,70.06261110305786,1.3562391147017478
2024120805,2870,48097,4,70.24680376052856,1.0465550946071744
2024120805,2870,48097,5,70.44681787490845,0.7236902998760342
2024120805,2870,48097,6,70.666344165802,0.38050736561417575
2024120805,2870,48097,7,70.90614795684814,0.014167111366987228
2024120805,2870,48097,8,71.16411924362183,0.0
2024120805,2870,48097,9,71.43640279769897,0.0
2024120805,2870,48097,10,71.7184853553772,0.0
2024120805,2870,48097,11,72.00592517852783,0.0
2024120805,2870,48097,12,72.29472398757935,0.0
2024120805,2870,57210,1,70.93835592269897,2.4244154848158357
2024120805,2870,57210,2,71.21829986572266,2.1883785031735896
2024120805,2870,57210,3,71.54592990875244,1.928259616345167
2024120805,2870,57210,4,71.88825845718384,1.6675927095115184
2024120805,2870,57210,5,72.23725318908691,1.410074535012245
2024120805,2870,57210,6,72.59822130203247,1.1505160780623556
2024120805,2870,57210,7,72.97658443450928,0.884047207981348
2024120805,2870,57210,8,73.37535381317139,0.609319219738245
2024120805,2870,57210,9,73.79380702972412,0.32768876068294045
2024120805,2870,57210,10,74.22414779663086,0.04044228792190552
2024120805,2870,57210,11,74.66146230697632,0.0
2024120805,2870,57210,12,75.10084390640259,0.0
2024120805,2968,43329,1,75.24033665657043,17.15562171339989
2024120805,2968,43329,2,75.30475616455078,16.559830248355865
2024120805,2968,43329,3,75.34085154533386,16.018853491544725
2024120805,2968,43329,4,75.38328409194946,15.516126942634578
2024120805,2968,43329,5,75.43210744857788,15.038339275121686
2024120805,2968,43329,6,75.4855227470398,14.571594607830043
2024120805,2968,43329,7,75.54234623908997,14.107477259635921
2024120805,2968,43329,8,75.60141921043396,13.643067634105684
2024120805,2968,43329,9,75.6617546081543,13.179144078493117
2024120805,2968,57233,1,77.66697406768799,8.065288251638414
2024120805,2968,57233,2,77.65928149223328,8.020884335041046
2024120805,2968,57233,3,77.65588402748108,7.8904492199420915
2024120805,2968,57233,4,77.64942169189453,7.726669073104858
2024120805,2968,57233,5,77.62386560440063,7.542127704620363
2024120805,2968,57233,6,77.5997257232666,7.33489354252815
2024120805,2968,57233,7,77.57728099822998,7.1020755827426925
2024120805,2968,57233,8,77.5564169883728,6.844277441501617
2024120805,2968,57233,9,77.536940574646,6.565006446838382
2024120805,3013,41233,1,60.37561655044556,42.07809427976608
2024120805,3013,41233,2,60.77923536300659,42.37511794567108
2024120805,3013,41233,3,61.238508224487305,42.69826548695564
2024120805,3013,41233,4,61.71014070510864,43.02282676100731
2024120805,3013,41233,5,62.19639301300049,43.350148785114285
2024120805,3013,41233,6,62.705533504486084,43.68537500500679
2024120805,3013,41233,7,63.241024017333984,44.031027901172635
2024120805,3013,41233,8,63.80069017410278,44.386414903402326
2024120805,3013,41233,9,64.37882423400879,44.74871807694435
2024120805,3013,41233,10,64.96815204620361,45.1141695857048
2024120805,3013,41233,11,65.56127786636353,45.47884910106659
2024120805,3013,41233,12,66.151442527771,45.839160341024396
2024120805,3013,41233,13,66.73293113708496,46.19208204746246
2024120805,3013,53472,1,52.230223417282104,37.41012976765632
2024120805,3013,53472,2,52.41921901702881,37.69860114455223
2024120805,3013,53472,3,52.62184381484985,38.0254021525383
2024120805,3013,53472,4,52.826210260391235,38.35998027920723
2024120805,3013,53472,5,53.02927494049072,38.6943360209465
2024120805,3013,53472,6,53.23368430137634,39.03140485882759
2024120805,3013,53472,7,53.442174196243286,39.3748116672039
2024120805,3013,53472,8,53.659712076187134,39.72491861581802
2024120805,3013,53472,9,53.886451721191406,40.08035327196121
2024120805,3013,53472,10,54.116971492767334,40.438825070858
2024120805,3013,53472,11,54.34705138206482,40.797315931320185
2024120805,3013,53472,12,54.5747709274292,41.15271881818771
2024120805,3013,53472,13,54.798409938812256,41.50220626592636
2024120805,3013,57233,1,62.95586585998535,42.82840197086334
2024120805,3013,57233,2,63.48400354385376,42.918579059839246
2024120805,3013,57233,3,64.10072565078735,43.00171290040016
2024120805,3013,57233,4,64.72736835479736,43.07476317286491
2024120805,3013,57233,5,65.35087823867798,43.145106703042984
2024120805,3013,57233,6,65.98586082458496,43.21020194888115
2024120805,3013,57233,7,66.64544105529785,43.27218698263168
2024120805,3013,57233,8,67.3334527015686,43.332494598627086
2024120805,3013,57233,9,68.04634094238281,43.391737943887705
2024120805,3013,57233,10,68.7764310836792,43.450005972385405
2024120805,3013,57233,11,69.51634168624878,43.50727009177208
2024120805,3013,57233,12,70.25805473327637,43.5633428633213
2024120805,3013,57233,13,70.99292278289795,43.61784623265266
2024120805,3068,43329,1,60.13831615447998,31.453460472822186
2024120805,3068,43329,2,60.29336214065552,31.747033995389938
2024120805,3068,43329,3,60.46762704849243,32.07374604940414
2024120805,3068,43329,4,60.63826560974121,32.411882334947585
2024120805,3068,43329,5,60.81111431121826,32.76276445388794
2024120805,3068,43329,6,60.99243879318237,33.13187578320503
2024120805,3068,43329,7,61.185150146484375,33.52130674123764
2024120805,3068,43329,8,61.389126777648926,33.92923377156257
2024120805,3068,43329,9,61.602394580841064,34.35134578347206
2024120805,3068,43329,10,61.82213544845581,34.782216584682466
2024120805,3068,43329,11,62.04535245895386,35.21637868285179
2024120805,3068,46902,1,63.597564697265625,24.990018811821937
2024120805,3068,46902,2,64.31334972381592,24.964123675227164
2024120805,3068,46902,3,65.05443334579468,24.92440254986286
2024120805,3068,46902,4,65.7649827003479,24.88686715066433
2024120805,3068,46902,5,66.43681526184082,24.853746092319486
2024120805,3068,46902,6,67.0923900604248,24.812579464912414
2024120805,3068,46902,7,67.75491714477539,24.761040169000623
2024120805,3068,46902,8,68.43505382537842,24.69877715408802
2024120805,3068,46902,9,69.13402318954468,24.62676573693752
2024120805,3068,46902,10,69.84739780426025,24.54666427373886
2024120805,3068,46902,11,70.56819677352905,24.460377332568168
2024120805,3068,53472,1,65.46903848648071,35.382408094406124
2024120805,3068,53472,2,65.444176197052,35.568264710903165
2024120805,3068,53472,3,65.42319059371948,35.80759219527244
2024120805,3068,53472,4,65.40861368179321,36.06803354024887
2024120805,3068,53472,5,65.40221214294434,36.34047414064407
2024120805,3068,53472,6,65.4059886932373,36.62699488401413
2024120805,3068,53472,7,65.42097330093384,36.93030568957329
2024120805,3068,53472,8,65.45127868652344,37.25002850294113
2024120805,3068,53472,9,65.49174070358276,37.58359318971634
2024120805,3068,53472,10,65.54020643234253,37.92740664482117
2024120805,3068,53472,11,65.59521675109863,38.277332508563994
2024120805,3068,53509,1,53.91114950180054,25.571461683511732
2024120805,3068,53509,2,53.922404050827026,25.419564834237097
2024120805,3068,53509,3,53.92805457115173,25.20728571116924
2024120805,3068,53509,4,53.93373370170593,24.983712610602378
2024120805,3068,53509,5,53.92637372016907,24.757721868157386
2024120805,3068,53509,6,53.91224026679993,24.52047209441662
2024120805,3068,53509,7,53.889745473861694,24.265375930070874
2024120805,3068,53509,8,53.85849595069885,23.99049544930458
2024120805,3068,53509,9,53.81902456283569,23.69748741984367
2024120805,3068,53509,10,53.77241134643555,23.39011173546314
2024120805,3068,53509,11,53.71995806694031,23.072927287220953
2024120805,3068,57233,1,56.559247970581055,43.04899829030037
2024120805,3068,57233,2,56.74793243408203,42.999384212493894
2024120805,3068,57233,3,57.114118337631226,42.98675274848938
2024120805,3068,57233,4,57.5507926940918,42.99518431425094
2024120805,3068,57233,5,58.032485246658325,43.01559925079346
2024120805,3068,57233,6,58.55417847633362,43.05411632061004
2024120805,3068,57233,7,59.11999225616455,43.11139950156212
2024120805,3068,57233,8,59.728041887283325,43.18644170761108
2024120805,3068,57233,9,60.37256956100464,43.27626933455467
2024120805,3068,57233,10,61.046926975250244,43.37632666826248
2024120805,3068,57233,11,61.73948049545288,43.48421512842178
2024120805,3169,48097,1,87.0284378528595,40.75620251744985
2024120805,3169,48097,2,86.71851754188538,40.304762698709965
2024120805,3169,48097,3,86.40466690063477,39.8792219877243
2024120805,3169,48097,4,86.11630439758301,39.4709026068449
2024120805,3169,48097,5,85.84088087081909,39.07073204517364
2024120805,3169,48097,6,85.56665897369385,38.667951637506484
2024120805,3169,48097,7,85.28712630271912,38.256711071729654
2024120805,3169,48097,8,85.00035881996155,37.83608268499374
2024120805,3169,48097,9,84.70736503601074,37.408336392045015
2024120805,3169,54622,1,86.65297508239746,41.639082601666445
2024120805,3169,54622,2,86.43863439559937,41.322567690908905
2024120805,3169,54622,3,86.24449610710144,40.98809360861778
2024120805,3169,54622,4,86.07946157455444,40.668269133567804
2024120805,3169,54622,5,85.93764781951904,40.3632832929492
2024120805,3169,54622,6,85.80295085906982,40.0652628660202
2024120805,3169,54622,7,85.66608309745789,39.76594863533973
2024120805,3169,54622,8,85.52258849143982,39.4617149323225
2024120805,3169,54622,9,85.37763476371765,39.150854158401486
2024120805,3169,57210,1,87.38170981407166,30.86848326921463
2024120805,3169,57210,2,87.16851353645325,30.552413922548293
2024120805,3169,57210,3,86.97728633880615,30.220780807733533
2024120805,3169,57210,4,86.81169033050537,29.89505360126495
2024120805,3169,57210,5,86.664297580719,29.57712734043598
2024120805,3169,57210,6,86.52586698532104,29.26004931926727
2024120805,3169,57210,7,86.38971447944641,28.937783375382423
2024120805,3169,57210,8,86.25236392021179,28.607876920700072
2024120805,3169,57210,9,86.11260294914246,28.270906567573547
2024120805,3249,46902,1,33.11513543128967,41.48158482909202
2024120805,3249,46902,2,32.8993284702301,41.82160185575485
2024120805,3249,46902,3,32.67016410827637,42.160948550701136
2024120805,3249,46902,4,32.447429895401,42.48002962470054
2024120805,3249,46902,5,32.24610686302185,42.780195271968836
2024120805,3249,46902,6,32.04346060752869,43.07066175937652
2024120805,3249,46902,7,31.830604076385498,43.36259281039238
2024120805,3249,46902,8,31.60391092300415,43.66133519411087
2024120805,3249,46902,9,31.363588571548462,43.96784198880195
2024120805,3249,46902,10,31.112051010131836,44.28044213056564
2024120805,3249,46902,11,30.852667093276978,44.59623508453369
2024120805,3249,53472,1,40.86711287498474,30.56704049706459
2024120805,3249,53472,2,41.68456435203552,30.343845450878142
2024120805,3249,53472,3,42.47510075569153,30.117343223094938
2024120805,3249,53472,4,43.215272426605225,29.896753257513044
2024120805,3249,53472,5,43.91008257865906,29.682145446538925
2024120805,3249,53472,6,44.578185081481934,29.468544721603394
2024120805,3249,53472,7,45.23630976676941,29.2525104701519
2024120805,3249,53472,8,45.895206928253174,29.034026807546613
2024120805,3249,53472,9,46.553757190704346,28.81174671649933
2024120805,3249,53472,10,47.208441495895386,28.586216628551483
2024120805,3249,53472,11,47.85583734512329,28.359409415721892
2024120805,3249,55100,1,36.32724165916443,36.28345782160759
2024120805,3249,55100,2,36.39528751373291,36.445242857933046
2024120805,3249,55100,3,36.46694898605347,36.63799658417702
2024120805,3249,55100,4,36.535348892211914,36.839328014850615
2024120805,3249,55100,5,36.598806381225586,37.05219486951828
2024120805,3249,55100,6,36.66387319564819,37.28502236008644
2024120805,3249,55100,7,36.73484802246094,37.543058770895
2024120805,3249,55100,8,36.80763244628906,37.82746368050575
2024120805,3249,55100,9,36.87759876251221,38.13591793179512
2024120805,3249,55100,10,36.94499373435974,38.464456719160076
2024120805,3249,55100,11,37.009960412979126,38.80825746655464
2024120805,3249,57213,1,43.077038526535034,40.15223443508148
2024120805,3249,57213,2,43.967485427856445,40.138262307643885
2024120805,3249,57213,3,44.89309072494507,40.116716384887695
2024120805,3249,57213,4,45.808571577072144,40.09312134385109
2024120805,3249,57213,5,46.72945976257324,40.07003778815269
2024120805,3249,57213,6,47.67507076263428,40.048898512125014
2024120805,3249,57213,7,48.6542809009552,40.03033572435379
2024120805,3249,57213,8,49.6655809879303,40.01453686356544
2024120805,3249,57213,9,50.700860023498535,40.00145427584648
2024120805,3249,57213,10,51.7490029335022,39.99090052247047
2024120805,3249,57213,11,52.79836177825928,39.98265639543533
2024120805,3249,57233,1,46.6240131855011,41.16847002506256
2024120805,3249,57233,2,47.15585231781006,41.131118887662886
2024120805,3249,57233,3,47.7773916721344,41.09968636631965
2024120805,3249,57233,4,48.40753197669983,41.07544323205948
2024120805,3249,57233,5,49.03501868247986,41.06245595216751
2024120805,3249,57233,6,49.673506021499634,41.055558842420574
2024120805,3249,57233,7,50.33681631088257,41.05447551012039
2024120805,3249,57233,8,51.02928400039673,41.0587357699871
2024120805,3249,57233,9,51.74756169319153,41.067701059579846
2024120805,3249,57233,10,52.484697103500366,41.081984525918955
2024120805,3249,57233,11,53.23238253593445,41.10180855393409
2024120805,3272,41233,1,45.77934980392456,33.87808841466904
2024120805,3272,41233,2,45.923441648483276,33.31654740571975
2024120805,3272,41233,3,46.08439564704895,32.78022167086601
2024120805,3272,41233,4,46.25285983085632,32.27729815244675
2024120805,3272,41233,5,46.42788290977478,31.79480863213539
2024120805,3272,41233,6,46.61035895347595,31.31984525322914
2024120805,3272,41233,7,46.80037021636963,30.845155090093613
2024120805,3272,41233,8,46.996740102767944,30.368806570768356
2024120805,3272,41233,9,47.19746232032776,29.892299205064774
2024120805,3272,41233,10,47.400197982788086,29.41881945133209
2024120805,3272,41233,11,47.60261535644531,28.95209066867828
2024120805,3272,46902,1,43.04987668991089,29.67436832785606
2024120805,3272,46902,2,43.16909193992615,29.763512915372846
2024120805,3272,46902,3,43.29987287521362,29.92119336128235
2024120805,3272,46902,4,43.42657685279846,30.106198561191558
2024120805,3272,46902,5,43.555569648742676,30.304308587312697
2024120805,3272,46902,6,43.68601083755493,30.519624853134154
2024120805,3272,46902,7,43.82278919219971,30.757490950822827
2024120805,3272,46902,8,43.96804690361023,31.018993389606475
2024120805,3272,46902,9,44.12166237831116,31.30179712772369
2024120805,3272,46902,10,44.28211569786072,31.6016482591629
2024120805,3272,46902,11,44.44730758666992,31.913562184572218
2024120805,3272,52518,1,46.916306018829346,27.37548000216484
2024120805,3272,52518,2,47.14061379432678,26.871492213010786
2024120805,3272,52518,3,47.375385761260986,26.40101306736469
2024120805,3272,52518,4,47.60575890541077,25.97812906205654
2024120805,3272,52518,5,47.83220171928406,25.59424025416374
2024120805,3272,52518,6,48.05289387702942,25.234500861167906
2024120805,3272,52518,7,48.270896673202515,24.886533573269844
2024120805,3272,52518,8,48.48748326301575,24.5438034504652
2024120805,3272,52518,9,48.705103397369385,24.204186716675757
2024120805,3272,52518,10,48.92715096473694,23.868151968717573
2024120805,3272,52518,11,49.15017485618591,23.537581536173818
2024120805,3272,57233,1,46.843825578689575,36.73358398079872
2024120805,3272,57233,2,46.8833863735199,36.22538040876388
2024120805,3272,57233,3,46.951682567596436,35.741429501771925
2024120805,3272,57233,4,47.03595042228699,35.301517164707185
2024120805,3272,57233,5,47.12818622589111,34.89900044202805
2024120805,3272,57233,6,47.226258516311646,34.521057254076005
2024120805,3272,57233,7,47.32693433761597,34.1559234380722
2024120805,3272,57233,8,47.429044246673584,33.79721019268036
2024120805,3272,57233,9,47.5404417514801,33.44207734465599
2024120805,3272,57233,10,47.65753984451294,33.09126194119453
2024120805,3272,57233,11,47.776654958724976,32.74657800793648
2024120805,3419,53488,1,71.83062672615051,16.530097383260724
2024120805,3419,53488,2,71.74947023391724,16.892410087585446
2024120805,3419,53488,3,71.6661536693573,17.26499062180519
2024120805,3419,53488,4,71.56376123428345,17.635963630676265
2024120805,3419,53488,5,71.44630551338196,18.01149870753288
2024120805,3419,53488,6,71.31492376327515,18.400176733732224
2024120805,3419,53488,7,71.17087125778198,18.805975222587584
2024120805,3419,53488,8,71.01622223854065,19.228236550092696
2024120805,3419,55947,1,69.76499319076538,21.680999362468718
2024120805,3419,55947,2,69.32567954063416,21.43565160036087
2024120805,3419,55947,3,68.90220522880554,21.192591226100923
2024120805,3419,55947,4,68.5168969631195,20.971391290426254
2024120805,3419,55947,5,68.15919399261475,20.76490052938461
2024120805,3419,55947,6,67.80184864997864,20.56096401810646
2024120805,3419,55947,7,67.42636799812317,20.351239144802094
2024120805,3419,55947,8,67.02486991882324,20.13223128914833
2024120805,3419,57210,1,71.48812294006348,15.554761558771133
2024120805,3419,57210,2,71.57819151878357,15.381085282564165
2024120805,3419,57210,3,71.69636964797974,15.154465508460994
2024120805,3419,57210,4,71.82382464408875,14.909489446878432
2024120805,3419,57210,5,71.95336103439331,14.654852348566052
2024120805,3419,57210,6,72.08351969718933,14.387577432394025
2024120805,3419,57210,7,72.21425771713257,14.104278093576433
2024120805,3419,57210,8,72.34534621238708,13.804407900571825
2024120805,3444,47890,1,60.0102174282074,32.11974319517613
2024120805,3444,47890,2,59.420292377471924,32.42344793975353
2024120805,3444,47890,3,58.8526725769043,32.703764143586156
2024120805,3444,47890,4,58.35127115249634,32.954077443480486
2024120805,3444,47890,5,57.89620399475098,33.178886368870735
2024120805,3444,47890,6,57.45607852935791,33.39014252126216
2024120805,3444,47890,7,57.01045274734497,33.59779444932937
2024120805,3444,47890,8,56.549692153930664,33.807053902745245
2024120805,3444,47890,9,56.072330474853516,34.01947598755359
2024120805,3444,47890,10,55.58170795440674,34.23441578745842
2024120805,3444,47890,11,55.0833535194397,34.45013393461704
2024120805,3444,47890,12,54.583353996276855,34.664535245299334
2024120805,3444,47890,13,54.08742427825928,34.875576955080035
2024120805,3444,47890,14,53.600449562072754,35.08148792684078
2024120805,3444,47890,15,53.12637805938721,35.28084013164043
2024120805,3444,47890,16,52.66817092895508,35.472580417990685
2024120805,3444,47890,17,52.22794532775879,35.65595903098583
2024120805,3444,47890,18,51.80710315704346,35.83054073154926
2024120805,3444,47890,19,51.40637397766113,35.996106311678886
2024120805,3444,47890,20,51.026036739349365,36.15262559056282
2024120805,3444,48097,1,57.77916669845581,32.7785903185606
2024120805,3444,48097,2,56.89387321472168,33.1476539939642
2024120805,3444,48097,3,56.0076642036438,33.499867245554924
2024120805,3444,48097,4,55.15449285507202,33.825149682164195
2024120805,3444,48097,5,54.31890249252319,34.131619942188266
2024120805,3444,48097,6,53.4812593460083,34.428284615278244
2024120805,3444,48097,7,52.63091325759888,34.72066361308097
2024120805,3444,48097,8,51.76644802093506,35.010841000080106
2024120805,3444,48097,9,50.89246988296509,35.29864681065082
2024120805,3444,48097,10,50.01643180847168,35.58271973133087
2024120805,3444,48097,11,49.14653778076172,35.86127432882786
2024120805,3444,48097,12,48.29047679901123,36.13254899680614
2024120805,3444,48097,13,47.45481491088867,36.395004513859746
2024120805,3444,48097,14,46.64475917816162,36.64742570519447
2024120805,3444,48097,15,45.86423635482788,36.88893097341061
2024120805,3444,48097,16,45.1159930229187,37.118948471546176
2024120805,3444,48097,17,44.40178155899048,37.3371811568737
2024120805,3444,48097,18,43.72250318527222,37.54354484081268
2024120805,3444,48097,19,43.07837963104248,37.73814595043659
2024120805,3444,48097,20,42.46913194656372,37.921217989921566
2024120805,3444,54622,1,49.864933490753174,38.29915323555469
2024120805,3444,54622,2,48.994202613830566,38.18443438112735
2024120805,3444,54622,3,48.11038255691528,38.05800854861736
2024120805,3444,54622,4,47.28221654891968,37.93486130535602
2024120805,3444,54622,5,46.50704383850098,37.820117035508154
2024120805,3444,54622,6,45.76178312301636,37.71107852756977
2024120805,3444,54622,7,45.03293037414551,37.59975580871105
2024120805,3444,54622,8,44.31021451950073,37.484571534395215
2024120805,3444,54622,9,43.59096050262451,37.365702024102205
2024120805,3444,54622,10,42.874274253845215,37.24581430852413
2024120805,3444,54622,11,42.16402530670166,37.126609632372855
2024120805,3444,54622,12,41.466100215911865,37.009009304642674
2024120805,3444,54622,13,40.78629970550537,36.89264639019966
2024120805,3444,54622,14,40.129172801971436,36.777906885743135
2024120805,3444,54622,15,39.49801683425903,36.66570256948471
2024120805,3444,54622,16,38.895134925842285,36.556756192445754
2024120805,3444,54622,17,38.321921825408936,36.45156494379043
2024120805,3444,54622,18,37.77902841567993,36.35048940479756
2024120805,3444,54622,19,37.266526222229004,36.25373448729515
2024120805,3444,54622,20,36.78398609161377,36.161389145255086
2024120805,3444,54831,1,55.15545129776001,28.803048288822172
2024120805,3444,54831,2,54.308409690856934,29.153409391641617
2024120805,3444,54831,3,53.488261699676514,29.47589613199234
2024120805,3444,54831,4,52.73928165435791,29.76537936031818
2024120805,3444,54831,5,52.06377983093262,30.02865293622017
2024120805,3444,54831,6,51.42208814620972,30.26804078221321
2024120805,3444,54831,7,50.79041004180908,30.492155548930167
2024120805,3444,54831,8,50.15672206878662,30.706196278333664
2024120805,3444,54831,9,49.51779842376709,30.912687039375303
2024120805,3444,54831,10,48.87573480606079,31.112452244758604
2024120805,3444,54831,11,48.23509454727173,31.305415648221967
2024120805,3444,54831,12,47.60126352310181,31.49109912216663
2024120805,3444,54831,13,46.979405879974365,31.668937173485755
2024120805,3444,54831,14,46.37394905090332,31.83841672837734
2024120805,3444,54831,15,45.7884407043457,31.999180382490156
2024120805,3444,54831,16,45.22552013397217,32.15100575089454
2024120805,3444,54831,17,44.6869683265686,32.29384835660457
2024120805,3444,54831,18,44.17385816574097,32.42777809202671
2024120805,3444,54831,19,43.686625957489014,32.55298557281494
2024120805,3444,54831,20,43.22528600692749,32.669747191667554
2024120805,3444,56540,1,48.5821008682251,23.308393216133116
2024120805,3444,56540,2,48.029944896698,23.274136406183242
2024120805,3444,56540,3,47.41265058517456,23.17950526475906
2024120805,3444,56540,4,46.79407596588135,23.0531334400177
2024120805,3444,56540,5,46.190621852874756,22.905854254961014
2024120805,3444,56540,6,45.595693588256836,22.73951032757759
2024120805,3444,56540,7,44.99760389328003,22.55629056096077
2024120805,3444,56540,8,44.393956661224365,22.35662384033203
2024120805,3444,56540,9,43.786139488220215,22.142584699392316
2024120805,3444,56540,10,43.17796468734741,21.917210280895233
2024120805,3444,56540,11,42.57704973220825,21.683004003763198
2024120805,3444,56540,12,41.987464427948,21.443479549884795
2024120805,3444,56540,13,41.41282796859741,21.201791608333586
2024120805,3444,56540,14,40.856173038482666,20.96060562133789
2024120805,3444,56540,15,40.31975269317627,20.722094607353206
2024120805,3444,56540,16,39.805190563201904,20.487964576482774
2024120805,3444,56540,17,39.31347370147705,20.259511715173723
2024120805,3444,56540,18,38.84507417678833,20.03767639398575
2024120805,3444,56540,19,38.40002775192261,19.823103529214855
2024120805,3444,56540,20,37.97802686691284,19.616215652227403
2024120805,3444,57210,1,61.07517600059509,41.311712129414076
2024120805,3444,57210,2,60.61944365501404,41.71547897309065
2024120805,3444,57210,3,60.15859365463257,42.126085741817946
2024120805,3444,57210,4,59.71295356750488,42.51777470111847
2024120805,3444,57210,5,59.29096698760986,42.891687956452365
2024120805,3444,57210,6,58.89068841934204,43.256173679232596
2024120805,3444,57210,7,58.507962226867676,43.617623847723
2024120805,3444,57210,8,58.14000606536865,43.979147085547446
2024120805,3444,57210,9,57.78076171875,44.339820495247835
2024120805,3444,57210,10,57.43142366409302,44.698398721218105
2024120805,3444,57210,11,57.093915939331055,45.05284138172865
2024120805,3444,57210,12,56.77225112915039,45.401065206527704
2024120805,3444,57210,13,56.46700859069824,45.74088844060898
2024120805,3444,57210,14,56.17856740951538,46.07049626410007
2024120805,3444,57210,15,55.90701341629028,46.38846541345119
2024120805,3444,57210,16,55.65220355987549,46.693784831464285
2024120805,3444,57210,17,55.41381597518921,46.98582191243767
2024120805,3444,57210,18,55.19132137298584,47.2642303712666
2024120805,3444,57210,19,54.98411178588867,47.5289550088346
2024120805,3444,57210,20,54.79144334793091,47.78012329936027
2024120805,3523,47877,1,65.15702962875366,21.462912815809247
2024120805,3523,47877,2,65.12172102928162,21.890695643424987
2024120805,3523,47877,3,65.06507277488708,22.30891909599304
2024120805,3523,47877,4,64.99754905700684,22.694515502452848
2024120805,3523,47877,5,64.92029428482056,23.051786422729492
2024120805,3523,47877,6,64.84609723091125,23.392496019601822
2024120805,3523,47877,7,64.77891683578491,23.727131330966948
2024120805,3523,47877,8,64.72010493278503,24.060905694961548
2024120805,3523,47877,9,64.66249108314514,24.395903176069258
2024120805,3523,47877,10,64.60655450820923,24.730694156885146
2024120805,3523,54831,1,64.72415328025818,27.02162110209465
2024120805,3523,54831,2,64.18853759765625,27.195966121554374
2024120805,3523,54831,3,63.61328959465027,27.384500887989997
2024120805,3523,54831,4,63.05017948150635,27.56668497622013
2024120805,3523,54831,5,62.51482844352722,27.740350133180616
2024120805,3523,54831,6,61.99072480201721,27.917276406288146
2024120805,3523,54831,7,61.462916135787964,28.104414913058278
2024120805,3523,54831,8,60.924811363220215,28.30438344180584
2024120805,3523,54831,9,60.376245975494385,28.516629207134244
2024120805,3523,54831,10,59.82076406478882,28.73883464038372
2024120805,3523,56543,1,52.15437412261963,29.280051255226134
2024120805,3523,56543,2,52.01819658279419,28.967907002568243
2024120805,3523,56543,3,51.87424421310425,28.63126863837242
2024120805,3523,56543,4,51.73368215560913,28.297317954897878
2024120805,3523,56543,5,51.59292697906494,27.97092994749546
2024120805,3523,56543,6,51.443774700164795,27.646660950779914
2024120805,3523,56543,7,51.2804388999939,27.319165784120557
2024120805,3523,56543,8,51.10084533691406,26.986141175031662
2024120805,3523,56543,9,50.90911388397217,26.64781427383423
2024120805,3523,56543,10,50.70838451385498,26.306329506635663
2024120805,3523,57134,1,61.52771830558777,28.91215668916702
2024120805,3523,57134,2,60.86890697479248,28.41316303014755
2024120805,3523,57134,3,60.25862216949463,27.94493791460991
2024120805,3523,57134,4,59.68356370925903,27.49968039691448
2024120805,3523,57134,5,59.11435604095459,27.062215882539746
2024120805,3523,57134,6,58.53558540344238,26.623710924386977
2024120805,3523,57134,7,57.94992685317993,26.183080601692197
2024120805,3523,57134,8,57.35810995101929,25.7383139193058
2024120805,3523,57134,9,56.76107883453369,25.290954864025114
2024120805,3523,57134,10,56.16182327270508,24.84413588643074
2024120805,3553,38588,1,33.70961666107178,20.95276178717613
2024120805,3553,38588,2,33.41952323913574,20.703747850656505
2024120805,3553,38588,3,33.11360836029053,20.443322390317917
2024120805,3553,38588,4,32.818050384521484,20.192240273952486
2024120805,3553,38588,5,32.5425124168396,19.951263964176178
2024120805,3553,38588,6,32.25603103637695,19.71513882279396
2024120805,3553,38588,7,31.94344997406006,19.475836753845215
2024120805,3553,38588,8,31.599068641662598,19.22979006767273
2024120805,3553,47877,1,35.42927026748657,10.27181376218796
2024120805,3553,47877,2,35.35327434539795,10.209396666288377
2024120805,3553,47877,3,35.20352840423584,10.079974991083148
2024120805,3553,47877,4,35.01825571060181,9.925414288043974
2024120805,3553,47877,5,34.79894399642944,9.756798857450484
2024120805,3553,47877,6,34.556729793548584,9.567940044403073
2024120805,3553,47877,7,34.288294315338135,9.35597226023674
2024120805,3553,47877,8,33.99410963058472,9.121435582637787
2024120805,3553,55900,1,41.19983911514282,21.560384130477903
2024120805,3553,55900,2,41.064512729644775,21.04620158076286
2024120805,3553,55900,3,40.945916175842285,20.56564680933952
2024120805,3553,55900,4,40.83732604980469,20.107473492622375
2024120805,3553,55900,5,40.72528839111328,19.653763759136197
2024120805,3553,55900,6,40.60357332229614,19.192867815494537
2024120805,3553,55900,7,40.47961235046387,18.724944508075716
2024120805,3553,55900,8,40.34960746765137,18.248989927768704
2024120805,3578,54831,1,34.5965051651001,26.01987230181694
2024120805,3578,54831,2,34.66315269470215,26.39358699917793
2024120805,3578,54831,3,34.70397233963013,26.773334681987762
2024120805,3578,54831,4,34.72528696060181,27.134335315227506
2024120805,3578,54831,5,34.73942041397095,27.47577242851257
2024120805,3578,54831,6,34.74940538406372,27.80773594379425
2024120805,3578,54831,7,34.7559928894043,28.140487337112425
2024120805,3578,54831,8,34.761221408843994,28.47930507361889
2024120805,3578,55965,1,37.9833197593689,27.786833348870275
2024120805,3578,55965,2,38.03048372268677,28.32110996544361
2024120805,3578,55965,3,38.070852756500244,28.839023816585538
2024120805,3578,55965,4,38.092989921569824,29.329198324680327
2024120805,3578,55965,5,38.10293912887573,29.803265810012817
2024120805,3578,55965,6,38.1048846244812,30.273333543539046
2024120805,3578,55965,7,38.10158014297485,30.746044480800627
2024120805,3578,55965,8,38.09480667114258,31.22289813160896
2024120805,3578,56543,1,31.478455066680908,33.10658108592033
2024120805,3578,56543,2,31.764135360717773,33.40513761937618
2024120805,3578,56543,3,32.035653591156006,33.719129255414
2024120805,3578,56543,4,32.28513479232788,34.02980576753616
2024120805,3578,56543,5,32.51680612564087,34.335152983665466
2024120805,3578,56543,6,32.73932933807373,34.641566058993334
2024120805,3578,56543,7,32.95956373214722,34.95466656684876
2024120805,3578,56543,8,33.18371057510376,35.27612874805927
2024120805,3632,47877,1,33.460021018981934,13.213696342706683
2024120805,3632,47877,2,33.470256328582764,12.890374070405962
2024120805,3632,47877,3,33.49049091339111,12.544111204147342
2024120805,3632,47877,4,33.5150671005249,12.209739577770236
2024120805,3632,47877,5,33.53428602218628,11.889635533094406
2024120805,3632,47877,6,33.55191707611084,11.575875812768935
2024120805,3632,47877,7,33.56627941131592,11.260356074571611
2024120805,3632,47877,8,33.57654333114624,10.939499098062512
2024120805,3632,47877,9,33.58516216278076,10.613009428977968
2024120805,3632,47877,10,33.59335899353027,10.2822404384613
2024120805,3632,47877,11,33.59687089920044,9.950181615352633
2024120805,3632,48097,1,35.14785289764404,13.567533004283902
2024120805,3632,48097,2,34.91206884384155,13.135979163646695
2024120805,3632,48097,3,34.69086170196533,12.700295317173001
2024120805,3632,48097,4,34.48545455932617,12.276366102695462
2024120805,3632,48097,5,34.28581237792969,11.85643028616905
2024120805,3632,48097,6,34.08332347869873,11.431195354461671
2024120805,3632,48097,7,33.87358903884888,10.995997577905655
2024120805,3632,48097,8,33.655714988708496,10.550770241022107
2024120805,3632,48097,9,33.430988788604736,10.098436117172241
2024120805,3632,48097,10,33.20168495178223,9.643280881643292
2024120805,3632,48097,11,32.97045707702637,9.189901548624036
2024120805,3632,57210,1,29.52606439590454,17.82672542333603
2024120805,3632,57210,2,29.104371070861816,17.39540667533874
2024120805,3632,57210,3,28.694286346435547,16.968961334228517
2024120805,3632,57210,4,28.308005332946777,16.564700478315352
2024120805,3632,57210,5,27.93949842453003,16.184060078859325
2024120805,3632,57210,6,27.575068473815918,15.820127141475673
2024120805,3632,57210,7,27.204208374023438,15.466252356767654
2024120805,3632,57210,8,26.827797889709473,15.117533725500103
2024120805,3632,57210,9,26.4444637298584,14.773043584823604
2024120805,3632,57210,10,26.055293083190918,14.433617466688155
2024120805,3632,57210,11,25.661780834197998,14.101355320215227
2024120805,3701,42397,1,19.734513759613037,35.19933605492115
2024120805,3701,42397,2,19.77795124053955,35.641457945108414
2024120805,3701,42397,3,19.80990171432495,36.05568323433399
2024120805,3701,42397,4,19.829721450805664,36.45978365540505
2024120805,3701,42397,5,19.84077215194702,36.87126249074936
2024120805,3701,42397,6,19.84687328338623,37.298743510246275
2024120805,3701,42397,7,19.85135793685913,37.73980112969875
2024120805,3701,56540,1,11.87305212020874,37.442215147614476
2024120805,3701,56540,2,12.219078540802002,37.72373540699482
2024120805,3701,56540,3,12.558910846710205,38.024193331599236
2024120805,3701,56540,4,12.881405353546143,38.32478468716144
2024120805,3701,56540,5,13.18868637084961,38.62249933481216
2024120805,3701,56540,6,13.489494323730469,38.92273169755936
2024120805,3701,56540,7,13.792927265167236,39.22989452779293
2024120805,3790,46902,1,31.970844268798828,39.614904791116714
2024120805,3790,46902,2,32.02595114707947,40.09302285909652
2024120805,3790,46902,3,32.053738832473755,40.547053462266916
2024120805,3790,46902,4,32.06085205078125,40.961836302280425
2024120805,3790,46902,5,32.061928510665894,41.34172059297561
2024120805,3790,46902,6,32.05683946609497,41.700656223297116
2024120805,3790,46902,7,32.04408645629883,42.05088707208633
2024120805,3790,46902,8,32.025325298309326,42.399592995643616
2024120805,3790,46902,9,32.00205087661743,42.74908997416496
2024120805,3790,46902,10,31.975486278533936,43.098726737499234
2024120805,3790,46902,11,31.946672201156616,43.44638745188713
2024120805,3790,54571,1,41.36552095413208,37.09921022057533
2024120805,3790,54571,2,41.698994636535645,37.62021998763084
2024120805,3790,54571,3,42.0223867893219,38.11385099291801
2024120805,3790,54571,4,42.33105182647705,38.58308001756668
2024120805,3790,54571,5,42.640568017959595,39.04300064444542
2024120805,3790,54571,6,42.95418977737427,39.50213974714279
2024120805,3790,54571,7,43.270440101623535,39.966746342182155
2024120805,3790,54571,8,43.59657526016235,40.43713812232017
2024120805,3790,54571,9,43.931987285614014,40.91154553890228
2024120805,3790,54571,10,44.27356839179993,41.386696356534955
2024120805,3790,54571,11,44.61771368980408,41.858714723587035
2024120805,3790,54586,1,48.36133360862732,38.32878285050392
2024120805,3790,54586,2,48.8167405128479,38.0306694984436
2024120805,3790,54586,3,49.30092930793762,37.72885820269585
2024120805,3790,54586,4,49.7734808921814,37.44461849331856
2024120805,3790,54586,5,50.23862957954407,37.17916395664215
2024120805,3790,54586,6,50.69923639297485,36.92016811370849
2024120805,3790,54586,7,51.16542935371399,36.65999998450279
2024120805,3790,54586,8,51.641188859939575,36.395355564355846
2024120805,3790,54586,9,52.12627172470093,36.126330161094664
2024120805,3790,54586,10,52.62279152870178,35.85578936338425
2024120805,3790,54586,11,53.124085664749146,35.58606185913086
2024120805,3790,55100,1,43.22672367095947,35.0990070939064
2024120805,3790,55100,2,43.526902198791504,35.440977931022644
2024120805,3790,55100,3,43.81081223487854,35.780432641506195
2024120805,3790,55100,4,44.07348275184631,36.10173756480217
2024120805,3790,55100,5,44.326876401901245,36.4103760778904
2024120805,3790,55100,6,44.58486557006836,36.71699724197388
2024120805,3790,55100,7,44.849220514297485,37.03000403046608
2024120805,3790,55100,8,45.12463688850403,37.352360516786575
2024120805,3790,55100,9,45.41285991668701,37.683758538961406
2024120805,3790,55100,10,45.71486234664917,38.02144687771797
2024120805,3790,55100,11,46.02768659591675,38.36260759830475
2024120805,3948,46672,1,67.7588403224945,18.794944930076596
2024120805,3948,46672,2,68.16359996795654,18.63528208136558
2024120805,3948,46672,3,68.6147153377533,18.45715492963791
2024120805,3948,46672,4,69.06859874725342,18.277312237024304
2024120805,3948,46672,5,69.5254647731781,18.092831230163576
2024120805,3948,46672,6,69.99728679656982,17.896284252405167
2024120805,3948,46672,7,70.49598455429077,17.684789830446242
2024120805,3948,46672,8,71.02355360984802,17.45724239349365
2024120805,3948,46672,9,71.57308101654053,17.21348627209663
2024120805,3948,55900,1,74.97652888298035,24.14002389907837
2024120805,3948,55900,2,74.87452983856201,23.754332184791565
2024120805,3948,55900,3,74.7811496257782,23.37014951109886
2024120805,3948,55900,4,74.6895182132721,22.98865451812744
2024120805,3948,55900,5,74.5872688293457,22.592694973945616
2024120805,3948,55900,6,74.47139382362366,22.177699279785156
2024120805,3948,55900,7,74.34304475784302,21.74379133582115
2024120805,3948,55900,8,74.204660654068,21.293652468919753
2024120805,3948,55900,9,74.05757904052734,20.83065339922905
2024120805,3973,48097,1,69.77428436279297,26.403492659330368
2024120805,3973,48097,2,69.7590708732605,26.882578101754188
2024120805,3973,48097,3,69.75372076034546,27.34602988362312
2024120805,3973,48097,4,69.72963094711304,27.79068537354469
2024120805,3973,48097,5,69.69180107116699,28.22611824274063
2024120805,3973,48097,6,69.64319944381714,28.663504922389983
2024120805,3973,48097,7,69.5859968662262,29.108843451738355
2024120805,3973,48097,8,69.52216029167175,29.56302337050438
2024120805,3973,48097,9,69.45345997810364,30.023611152172087
2024120805,3973,56543,1,64.2410409450531,32.918406900763514
2024120805,3973,56543,2,64.35446977615356,32.86544910669326
2024120805,3973,56543,3,64.61651802062988,32.77634423077106
2024120805,3973,56543,4,64.95172262191772,32.6717645406723
2024120805,3973,56543,5,65.33438086509705,32.55603542327881
2024120805,3973,56543,6,65.76301574707031,32.427010864019394
2024120805,3973,56543,7,66.23890042304993,32.28280694484711
2024120805,3973,56543,8,66.75957798957825,32.12359998524189
2024120805,3973,56543,9,67.32084631919861,31.953129228949546
2024120805,3998,38588,1,61.649508476257324,42.0488967269659
2024120805,3998,38588,2,61.62925601005554,42.13803098946809
2024120805,3998,38588,3,61.537846326828,42.27788966596126
2024120805,3998,38588,4,61.42130255699158,42.42656590491533
2024120805,3998,38588,5,61.288132667541504,42.58146892189979
2024120805,3998,38588,6,61.13540768623352,42.75298647582531
2024120805,3998,38588,7,60.96131086349487,42.94768765866756
2024120805,3998,38588,8,60.766704082489014,43.16711248606443
2024120805,3998,55900,1,70.83631038665771,38.12162493467331
2024120805,3998,55900,2,70.27206301689148,37.99108498096466
2024120805,3998,55900,3,69.68148350715637,37.85334928631782
2024120805,3998,55900,4,69.05386090278625,37.71227305233478
2024120805,3998,55900,5,68.35738062858582,37.56299399137497
2024120805,3998,55900,6,67.59606957435608,37.404781410098074
2024120805,3998,55900,7,66.77526712417603,37.23703010380268
2024120805,3998,55900,8,65.9014642238617,37.06170976758003
2024120805,4033,38588,1,62.46288299560547,40.70699985176324
2024120805,4033,38588,2,62.4596643447876,40.82498061656952
2024120805,4033,38588,3,62.4169385433197,40.99102114737033
2024120805,4033,38588,4,62.356892824172974,41.16202245056629
2024120805,4033,38588,5,62.2878098487854,41.33673122823238
2024120805,4033,38588,6,62.21092343330383,41.526600304245946
2024120805,4033,38588,7,62.12688088417053,41.738923110067844
2024120805,4033,55900,1,64.90592122077942,30.494563660025594
2024120805,4033,55900,2,64.88527178764343,30.82019555866718
2024120805,4033,55900,3,64.84135866165161,31.14497127532959
2024120805,4033,55900,4,64.7792100906372,31.474339240789412
2024120805,4033,55900,5,64.70234513282776,31.825975880026817
2024120805,4033,55900,6,64.61411118507385,32.20753600001335
2024120805,4033,55900,7,64.51410412788391,32.617115032672885
2024120805,4058,57134,1,55.657947063446045,16.34830723404884
2024120805,4058,57134,2,55.53787708282471,15.860928422212602
2024120805,4058,57134,3,55.429065227508545,15.395200371742249
2024120805,4058,57134,4,55.3267765045166,14.943301486968991
2024120805,4058,57134,5,55.218873023986816,14.48949009180069
2024120805,4058,57134,6,55.09926795959473,14.02382875680923
2024120805,4058,57134,7,54.97758865356445,13.547845584154125
2024120805,4058,57134,8,54.85041618347168,13.06128641963005
2024120805,4058,57210,1,54.709181785583496,16.13806452155113
2024120805,4058,57210,2,54.755001068115234,15.842181372642514
2024120805,4058,57210,3,54.80973243713379,15.51655900478363
2024120805,4058,57210,4,54.865100383758545,15.1904378592968
2024120805,4058,57210,5,54.917471408843994,14.869212359189987
2024120805,4058,57210,6,54.96522903442383,14.547373712062836
2024120805,4058,57210,7,55.00776529312134,14.219514787197113
2024120805,4058,57210,8,55.04500865936279,13.883459389209747
2024120805,4081,55900,1,55.76766014099121,26.25566386580467
2024120805,4081,55900,2,55.51513910293579,26.50062721967697
2024120805,4081,55900,3,55.22944450378418,26.74646581709385
2024120805,4081,55900,4,54.91260051727295,27.000038644671438
2024120805,4081,55900,5,54.55090284347534,27.27775453329086
2024120805,4081,55900,6,54.14211988449097,27.58590697646141
2024120805,4081,55900,7,53.69285345077515,27.922785198688505
2024120805,4081,56543,1,50.07479667663574,31.675737386941908
2024120805,4081,56543,2,50.37029027938843,31.394842982292175
2024120805,4081,56543,3,50.704758167266846,31.09517452418804
2024120805,4081,56543,4,51.04717254638672,30.799545529484746
2024120805,4081,56543,5,51.38777017593384,30.510707217454907
2024120805,4081,56543,6,51.728389263153076,30.22255988717079
2024120805,4081,56543,7,52.072155475616455,29.92961380779743
2024120805,4106,42397,1,51.60515785217285,26.040563631057736
2024120805,4106,42397,2,51.297876834869385,26.324193370342254
2024120805,4106,42397,3,50.978214740753174,26.605523014068602
2024120805,4106,42397,4,50.63199520111084,26.89400074481964
2024120805,4106,42397,5,50.247037410736084,27.202021345496178
2024120805,4106,42397,6,49.826438426971436,27.532054877281187
2024120805,4106,42397,7,49.37509775161743,27.881744059920308
2024120805,4106,56543,1,41.161723136901855,30.802733576297758
2024120805,4106,56543,2,41.35207414627075,30.529986402392385
2024120805,4106,56543,3,41.570191383361816,30.23194770812988
2024120805,4106,56543,4,41.79375886917114,29.933664390444754
2024120805,4106,56543,5,42.014644145965576,29.639131435751914
2024120805,4106,56543,6,42.23252534866333,29.34259225130081
2024120805,4106,56543,7,42.44865417480469,29.03869053721428
2024120805,4129,57134,1,48.7884521484375,28.520581305027008
2024120805,4129,57134,2,48.65589380264282,27.99724761545658
2024120805,4129,57134,3,48.53485822677612,27.499499312043188
2024120805,4129,57134,4,48.42133283615112,27.021046078205107
2024120805,4129,57134,5,48.302249908447266,26.54579677581787
2024120805,4129,57134,6,48.172409534454346,26.0636503636837
2024120805,4129,57134,7,48.040409088134766,25.574651318788526
2024120805,4154,48097,1,36.632752418518066,43.665651050209995
2024120805,4154,48097,2,36.05808734893799,43.83652527630329
2024120805,4154,48097,3,35.378007888793945,43.998174498975274
2024120805,4154,48097,4,34.6574592590332,44.14441244602203
2024120805,4154,48097,5,33.894946575164795,44.27824925631285
2024120805,4154,48097,6,33.07978391647339,44.40347500443458
2024120805,4154,48097,7,32.20895290374756,44.52270112484693
2024120805,4154,48097,8,31.28819704055786,44.637295284867285
2024120805,4154,48097,9,30.328810214996338,44.74777214676141
2024120805,4154,48097,10,29.344332218170166,44.85417062789202
2024120805,4154,48097,11,28.348302841186523,44.95628899335861
2024120805,4154,48097,12,27.352981567382812,45.05389056205749
2024120805,4154,48097,13,26.36878252029419,45.146727533638476
2024120805,4154,48097,14,25.40410280227661,45.23465615212917
2024120805,4154,48097,15,24.465458393096924,45.31758825778961
2024120805,4154,48097,16,23.55767011642456,45.395515114068985
2024120805,4154,54622,1,26.622347831726074,42.08897207975387
2024120805,4154,54622,2,26.39756441116333,42.20840152353048
2024120805,4154,54622,3,25.998387336730957,42.32653001546859
2024120805,4154,54622,4,25.536253452301025,42.4392307266593
2024120805,4154,54622,5,25.040323734283447,42.54984499067068
2024120805,4154,54622,6,24.503660202026367,42.656046502292156
2024120805,4154,54622,7,23.91953945159912,42.75379738658666
2024120805,4154,54622,8,23.28796148300171,42.84641356170177
2024120805,4154,54622,9,22.615220546722412,42.93652393519878
2024120805,4154,54622,10,21.91188097000122,43.02360510826111
2024120805,4154,54622,11,21.18940830230713,43.10714480131864
2024120805,4154,54622,12,20.4587459564209,43.18671254068613
2024120805,4154,54622,13,19.72944974899292,43.261977925896645
2024120805,4154,54622,14,19.007856845855713,43.33114837557077
2024120805,4154,54622,15,18.300511837005615,43.39437479376792
2024120805,4154,54622,16,17.61244297027588,43.45190180391073
2024120805,4154,57210,1,32.04474449157715,37.89785327613353
2024120805,4154,57210,2,31.98481321334839,38.235643276572226
2024120805,4154,57210,3,31.900691986083984,38.60490550994873
2024120805,4154,57210,4,31.805813312530518,38.977309724688524
2024120805,4154,57210,5,31.70696496963501,39.34546003341674
2024120805,4154,57210,6,31.60675048828125,39.71310521066189
2024120805,4154,57210,7,31.50622844696045,40.08461670875549
2024120805,4154,57210,8,31.408023834228516,40.46166797429323
2024120805,4154,57210,9,31.3124942779541,40.84287863224745
2024120805,4154,57210,10,31.218345165252686,41.22574764639139
2024120805,4154,57210,11,31.12624168395996,41.607308560609816
2024120805,4154,57210,12,31.03687047958374,41.98450199365615
2024120805,4154,57210,13,30.950725078582764,42.35452986657619
2024120805,4154,57210,14,30.868184566497803,42.715069845318794
2024120805,4154,57210,15,30.789520740509033,43.06428328305483
2024120805,4154,57210,16,30.714848041534424,43.40079536437988
2024121502,63,54468,1,80.73547840118408,39.194128677248955
2024121502,63,54468,2,80.88714838027954,39.4341805011034
2024121502,63,54468,3,81.0377848148346,39.70981709063053
2024121502,63,54468,4,81.17936968803406,39.98520826250314
2024121502,63,54468,5,81.32892608642578,40.25545201748609
2024121502,63,54468,6,81.47678732872009,40.52916894853115
2024121502,63,54468,7,81.62020325660706,40.81307428628206
2024121502,63,54468,8,81.76094770431519,41.1093815550208
2024121502,63,54468,9,81.89963579177856,41.41676835864782
2024121502,63,54468,10,82.04015493392944,41.73225076794624
2024121502,63,55949,1,90.4325670003891,38.01962332129478
2024121502,63,55949,2,90.39263784885406,38.49413239955902
2024121502,63,55949,3,90.34116446971893,38.96866371631622
2024121502,63,55949,4,90.28019964694977,39.43625821173191
2024121502,63,55949,5,90.21550476551056,39.892056775093074
2024121502,63,55949,6,90.14747679233551,40.335640051960944
2024121502,63,55949,7,90.07566690444946,40.78001756072044
2024121502,63,55949,8,90.00032186508179,41.23032718747854
2024121502,63,55949,9,89.92224454879761,41.686858826875685
2024121502,63,55949,10,89.84238266944885,42.14732111990452
2024121502,110,56032,1,70.51320791244507,34.344399431347846
2024121502,110,56032,2,70.41862607002258,34.63921036720276
2024121502,110,56032,3,70.27228474617004,34.94908470511436
2024121502,110,56032,4,70.13091087341309,35.245363381505015
2024121502,110,56032,5,69.97604727745056,35.52570976614952
2024121502,110,56032,6,69.79857087135315,35.80261394977569
2024121502,110,56032,7,69.59332823753357,36.085481226444244
2024121502,110,56032,8,69.36002254486084,36.37838124036789
2024121502,110,56032,9,69.10188317298889,36.6812218606472
2024121502,110,56032,10,68.82405638694763,36.991509199142456
2024121502,110,56032,11,68.53220701217651,37.30564856231212
2024121502,110,56032,12,68.23185324668884,37.619876879453656
2024121502,110,56032,13,67.9278838634491,37.9307344764471
2024121502,110,57163,1,70.77429056167603,45.06123482435942
2024121502,110,57163,2,70.46698808670044,45.33039604127407
2024121502,110,57163,3,70.11068344116211,45.62577644139528
2024121502,110,57163,4,69.75660681724548,45.91378795802593
2024121502,110,57163,5,69.4221818447113,46.1932265356183
2024121502,110,57163,6,69.09447312355042,46.46947230100631
2024121502,110,57163,7,68.75785231590271,46.7461096227169
2024121502,110,57163,8,68.40915441513062,47.02602156251669
2024121502,110,57163,9,68.0494236946106,47.30916602611541
2024121502,110,57163,10,67.68585562705994,47.595668899267906
2024121502,110,57163,11,67.32292771339417,47.88309506699443
2024121502,110,57163,12,66.9638979434967,48.16833074316382
2024121502,110,57163,13,66.60904169082642,48.44825539067387
2024121502,110,57304,1,76.27243995666504,48.09178982153534
2024121502,110,57304,2,76.25794887542725,48.369068485498424
2024121502,110,57304,3,76.23467445373535,48.67229986786842
2024121502,110,57304,4,76.19929075241089,48.985791137814516
2024121502,110,57304,5,76.15535974502563,49.31496014818549
2024121502,110,57304,6,76.10485553741455,49.66727148741484
2024121502,110,57304,7,76.04939103126526,50.045473396405576
2024121502,110,57304,8,75.99053621292114,50.447661108523604
2024121502,110,57304,9,75.92976093292236,50.86901820302009
2024121502,110,57304,10,75.86832404136658,51.30349759683013
2024121502,110,57304,11,75.80727338790894,51.744941212981935
2024121502,110,57304,12,75.74748516082764,52.187693723291154
2024121502,110,57304,13,75.68959593772888,52.626923815160985
2024121502,135,42771,1,68.0549168586731,32.874454107880595
2024121502,135,42771,2,67.46861100196838,32.97355995178222
2024121502,135,42771,3,66.8295156955719,33.07419548630715
2024121502,135,42771,4,66.22385144233704,33.17108701169491
2024121502,135,42771,5,65.64971566200256,33.26623599231243
2024121502,135,42771,6,65.07545471191406,33.35862422287464
2024121502,135,42771,7,64.48083400726318,33.45159700810909
2024121502,135,42771,8,63.857760429382324,33.5467380464077
2024121502,135,42771,9,63.20717811584473,33.644331672787665
2024121502,135,42771,10,62.53514885902405,33.743825101852416
2024121502,135,42771,11,61.84998393058777,33.84428431689739
2024121502,135,42771,12,61.16030216217041,33.94467205107212
2024121502,135,42771,13,60.47403573989868,34.043997102975844
2024121502,135,43395,1,64.26118969917297,33.73404016494751
2024121502,135,43395,2,63.80221724510193,33.332309731841086
2024121502,135,43395,3,63.378084897994995,32.93523508608341
2024121502,135,43395,4,63.000465631484985,32.55900426208973
2024121502,135,43395,5,62.660361528396606,32.202138400077814
2024121502,135,43395,6,62.34465479850769,31.8558469414711
2024121502,135,43395,7,62.04299569129944,31.51271970272064
2024121502,135,43395,8,61.749454736709595,31.16910957098007
2024121502,135,43395,9,61.46119236946106,30.8247687458992
2024121502,135,43395,10,61.179152727127075,30.481392118334767
2024121502,135,43395,11,60.90389013290405,30.141157472133635
2024121502,135,43395,12,60.63643455505371,29.80647450685501
2024121502,135,43395,13,60.37782669067383,29.479597252607345
2024121502,135,53435,1,65.18279671669006,40.59690978080034
2024121502,135,53435,2,64.28699612617493,40.17885391116142
2024121502,135,53435,3,63.44659924507141,39.794803079962726
2024121502,135,53435,4,62.675578594207764,39.43532419502735
2024121502,135,53435,5,61.948535442352295,39.091220051050186
2024121502,135,53435,6,61.24031066894531,38.75264852643013
2024121502,135,53435,7,60.5359411239624,38.413865736126894
2024121502,135,53435,8,59.82991933822632,38.073121193051335
2024121502,135,53435,9,59.1230034828186,37.73132508695125
2024121502,135,53435,10,58.41914176940918,37.3907314479351
2024121502,135,53435,11,57.72351264953613,37.05401683747768
2024121502,135,53435,12,57.041258811950684,36.72379904389381
2024121502,135,53435,13,56.37692928314209,36.40233527421951
2024121502,135,54468,1,64.76371049880981,42.578527881205076
2024121502,135,54468,2,63.85996341705322,42.321863108873366
2024121502,135,54468,3,62.99718260765076,42.06531588286161
2024121502,135,54468,4,62.21606969833374,41.82470174282789
2024121502,135,54468,5,61.504011154174805,41.59962039589882
2024121502,135,54468,6,60.83545804023743,41.38461864590644
2024121502,135,54468,7,60.18482208251953,41.17739798575639
2024121502,135,54468,8,59.53986883163452,40.975406548380846
2024121502,135,54468,9,58.898441791534424,40.77542292922735
2024121502,135,54468,10,58.26240062713623,40.57723030298948
2024121502,135,54468,11,57.635207176208496,40.382464787364
2024121502,135,54468,12,57.02115297317505,40.19272755384445
2024121502,135,54468,13,56.423563957214355,40.00974923372269
2024121502,135,56032,1,69.79178309440613,35.229087981581685
2024121502,135,56032,2,69.34400081634521,35.126870337128636
2024121502,135,56032,3,68.85297775268555,34.988221275806424
2024121502,135,56032,4,68.37435364723206,34.849816837906836
2024121502,135,56032,5,67.92097449302673,34.70783041417599
2024121502,135,56032,6,67.47105002403259,34.55545067191124
2024121502,135,56032,7,67.00769305229187,34.387727957963946
2024121502,135,56032,8,66.52336835861206,34.20331684350967
2024121502,135,56032,9,66.01800799369812,34.00366124212742
2024121502,135,56032,10,65.49595355987549,33.7918157696724
2024121502,135,56032,11,64.96354579925537,33.5714338928461
2024121502,135,56032,12,64.4275689125061,33.34616113603115
2024121502,135,56032,13,63.8942813873291,33.11929991543293
2024121502,135,57199,1,53.883605003356934,27.286823073029517
2024121502,135,57199,2,53.71731519699097,27.113872724771497
2024121502,135,57199,3,53.533573150634766,26.8994618833065
2024121502,135,57199,4,53.35124731063843,26.673307529091833
2024121502,135,57199,5,53.16894292831421,26.436421513557434
2024121502,135,57199,6,52.979979515075684,26.18198138475418
2024121502,135,57199,7,52.77305603027344,25.906849926710127
2024121502,135,57199,8,52.55415916442871,25.60954986810684
2024121502,135,57199,9,52.32402563095093,25.292015957832334
2024121502,135,57199,10,52.08460807800293,24.957958847284317
2024121502,135,57199,11,51.83846712112427,24.611803996562955
2024121502,135,57199,12,51.58834934234619,24.258072173595426
2024121502,135,57199,13,51.33692264556885,23.901029992103574
2024121502,226,44860,1,28.10991883277893,7.364985400438308
2024121502,226,44860,2,28.294288516044617,6.868421296775341
2024121502,226,44860,3,28.469130992889404,6.423701871186495
2024121502,226,44860,4,28.64469051361084,6.000693568587303
2024121502,226,44860,5,28.82870614528656,5.576497492194175
2024121502,226,44860,6,29.0256929397583,5.13668125718832
2024121502,226,44860,7,29.23375904560089,4.683483803272247
2024121502,226,44860,8,29.44789409637451,4.2232895635068415
2024121502,226,44860,9,29.667205810546875,3.7561581052839754
2024121502,226,44860,10,29.889804124832153,3.2846488408744334
2024121502,226,44860,11,30.113554000854492,2.8123437561094757
2024121502,226,52435,1,37.07685112953186,14.185783758759499
2024121502,226,52435,2,37.32301712036133,13.827343729138374
2024121502,226,52435,3,37.59068727493286,13.46687046587467
2024121502,226,52435,4,37.84555435180664,13.129347327351569
2024121502,226,52435,5,38.0816924571991,12.815992665290832
2024121502,226,52435,6,38.32088828086853,12.516238430142401
2024121502,226,52435,7,38.57580900192261,12.220069357752799
2024121502,226,52435,8,38.85065674781799,11.922024309635162
2024121502,226,52435,9,39.144887924194336,11.62067763954401
2024121502,226,52435,10,39.455140829086304,11.317084881663321
2024121502,226,52435,11,39.776930809020996,11.013508802652359
2024121502,302,39989,1,81.99585199356079,40.01603955030441
2024121502,302,39989,2,81.81017875671387,39.722262704372405
2024121502,302,39989,3,81.61329746246338,39.40220313668251
2024121502,302,39989,4,81.43322467803955,39.07135789990425
2024121502,302,39989,5,81.26373052597046,38.72740148305893
2024121502,302,39989,6,81.09840631484985,38.364173823595046
2024121502,302,39989,7,80.93356132507324,37.97926045656204
2024121502,302,39989,8,80.76785087585449,37.57439598441124
2024121502,302,39989,9,80.60147523880005,37.15399951338768
2024121502,302,39989,10,80.43541431427002,36.72360525131226
2024121502,302,39989,11,80.2709698677063,36.28886812925339
2024121502,302,39989,12,80.10940074920654,35.854969716072084
2024121502,302,43373,1,84.8343014717102,39.60163158774376
2024121502,302,43373,2,84.78647947311401,39.320473498106004
2024121502,302,43373,3,84.78790998458862,39.006593054533006
2024121502,302,43373,4,84.8205041885376,38.697773456573486
2024121502,302,43373,5,84.87090110778809,38.39763640165329
2024121502,302,43373,6,84.93738412857056,38.09856044054031
2024121502,302,43373,7,85.01719951629639,37.79327676296234
2024121502,302,43373,8,85.10777950286865,37.47903414964676
2024121502,302,43373,9,85.20976066589355,37.1564362168312
2024121502,302,43373,10,85.3241515159607,36.8280912220478
2024121502,302,43373,11,85.44693231582642,36.497763824462886
2024121502,302,43373,12,85.57220935821533,36.16874532103538
2024121502,302,44974,1,76.57083749771118,23.788396790623665
2024121502,302,44974,2,76.64329290390015,23.80641632378101
2024121502,302,44974,3,76.74901485443115,23.761264240741728
2024121502,302,44974,4,76.86389207839966,23.69794489741325
2024121502,302,44974,5,76.98485612869263,23.613578408956528
2024121502,302,44974,6,77.11537599563599,23.49603685438633
2024121502,302,44974,7,77.25806951522827,23.33795452713966
2024121502,302,44974,8,77.41319417953491,23.138348168134687
2024121502,302,44974,9,77.5792407989502,22.90072828233242
2024121502,302,44974,10,77.75379180908203,22.630943593382835
2024121502,302,44974,11,77.93412208557129,22.335657706856725
2024121502,302,44974,12,78.11756372451782,22.021394443511962
2024121502,302,48013,1,71.21636867523193,41.6710822045803
2024121502,302,48013,2,71.34868383407593,41.964277672767636
2024121502,302,48013,3,71.45959854125977,42.26366497278213
2024121502,302,48013,4,71.55949831008911,42.542017835378644
2024121502,302,48013,5,71.64320468902588,42.804914945364
2024121502,302,48013,6,71.71736240386963,43.0673609316349
2024121502,302,48013,7,71.786949634552,43.33990001678467
2024121502,302,48013,8,71.8548846244812,43.626913183927535
2024121502,302,48013,9,71.92256212234497,43.92812086343765
2024121502,302,48013,10,71.99037551879883,44.240555804967876
2024121502,302,48013,11,72.05812454223633,44.56008800268173
2024121502,302,48013,12,72.12540864944458,44.882380950450894
2024121502,302,53465,1,77.513587474823,30.836008715629575
2024121502,302,53465,2,77.91506767272949,31.00755009651184
2024121502,302,53465,3,78.37008476257324,31.19185954928398
2024121502,302,53465,4,78.83492946624756,31.373303413391113
2024121502,302,53465,5,79.31575298309326,31.552329635620115
2024121502,302,53465,6,79.82762575149536,31.735012501478195
2024121502,302,53465,7,80.37758588790894,31.926844918727873
2024121502,302,53465,8,80.96999645233154,32.12782053351402
2024121502,302,53465,9,81.60241842269897,32.33633182048798
2024121502,302,53465,10,82.26905822753906,32.5493162214756
2024121502,302,53465,11,82.96102523803711,32.764880287647244
2024121502,302,53465,12,83.669114112854,32.98103843927383
2024121502,363,43373,1,85.6534481048584,38.89513690471649
2024121502,363,43373,2,85.68251609802246,39.2025427699089
2024121502,363,43373,3,85.70903778076172,39.54151776432991
2024121502,363,43373,4,85.73144674301147,39.874482011795045
2024121502,363,43373,5,85.75214624404907,40.19728009104728
2024121502,363,43373,6,85.77755212783813,40.5168631196022
2024121502,363,43373,7,85.81101894378662,40.840226691961284
2024121502,363,43373,8,85.85373401641846,41.170055311918254
2024121502,363,43373,9,85.90539693832397,41.505602401494976
2024121502,363,43373,10,85.9619665145874,41.844704473018645
2024121502,363,43373,11,86.01934432983398,42.184422868490216
2024121502,363,53518,1,81.28426551818848,38.33385640382767
2024121502,363,53518,2,81.57380819320679,38.76140413880348
2024121502,363,53518,3,81.87315702438354,39.196865600347515
2024121502,363,53518,4,82.16038942337036,39.62078210711479
2024121502,363,53518,5,82.44392395019531,40.038077896833414
2024121502,363,53518,6,82.73319482803345,40.45734338164329
2024121502,363,53518,7,83.03303003311157,40.88332171440124
2024121502,363,53518,8,83.34399461746216,41.31647037267685
2024121502,363,53518,9,83.66400718688965,41.75440348386764
2024121502,363,53518,10,83.98964166641235,42.19336274266243
2024121502,363,53518,11,84.31717872619629,42.629272150993344
2024121502,523,43454,1,80.63449144363403,39.39525996148586
2024121502,523,43454,2,79.98067259788513,39.84156427681446
2024121502,523,43454,3,79.35330390930176,40.273229309916495
2024121502,523,43454,4,78.73980760574341,40.67448002696037
2024121502,523,43454,5,78.1296980381012,41.053796441853045
2024121502,523,43454,6,77.50855207443237,41.42185700237751
2024121502,523,43454,7,76.86886668205261,41.78529989868402
2024121502,523,43454,8,76.21044158935547,42.146634109318256
2024121502,523,43454,9,75.53782939910889,42.50557053387165
2024121502,523,43454,10,74.85782146453857,42.86034597754478
2024121502,523,43454,11,74.17770624160767,43.208673846721645
2024121502,523,43454,12,73.50427865982056,43.54827628433704
2024121502,523,43454,13,72.8433358669281,43.87719789147377
2024121502,523,43454,14,72.19958782196045,44.19385496973991
2024121502,523,43454,15,71.57658219337463,44.49713082909584
2024121502,523,43454,16,70.97692251205444,44.78626856654882
2024121502,523,54468,1,77.12769627571106,38.442075264453884
2024121502,523,54468,2,76.92177057266235,38.817734241485596
2024121502,523,54468,3,76.68282508850098,39.20910947918892
2024121502,523,54468,4,76.44384741783142,39.58233810663223
2024121502,523,54468,5,76.21890664100647,39.93657029569149
2024121502,523,54468,6,76.00398659706116,40.280560864508146
2024121502,523,54468,7,75.78239679336548,40.61949614733457
2024121502,523,54468,8,75.552499294281,40.95725834965705
2024121502,523,54468,9,75.3152847290039,41.29435895681381
2024121502,523,54468,10,75.07422924041748,41.62965348064899
2024121502,523,54468,11,74.83627438545227,41.9620506465435
2024121502,523,54468,12,74.60311532020569,42.288634829223156
2024121502,523,54468,13,74.376300573349,42.606768384575844
2024121502,523,54468,14,74.15367007255554,42.91419648826122
2024121502,523,54468,15,73.93616080284119,43.20929334759712
2024121502,523,54468,16,73.72513890266418,43.49094703793526
2024121502,546,43454,1,70.81728458404541,13.942696380615232
2024121502,546,43454,2,70.34279108047485,13.344274419546124
2024121502,546,43454,3,69.89512324333191,12.802201622724532
2024121502,546,43454,4,69.48981285095215,12.302639293670651
2024121502,546,43454,5,69.10930395126343,11.832612860202786
2024121502,546,43454,6,68.73733162879944,11.378026294708249
2024121502,546,43454,7,68.36447596549988,10.930133515596388
2024121502,546,43454,8,67.98723936080933,10.485481202602386
2024121502,546,43454,9,67.6060402393341,10.044205963611603
2024121502,546,43454,10,67.22332119941711,9.608315616846085
2024121502,546,43454,11,66.84223294258118,9.180535966157912
2024121502,546,43454,12,66.46601915359497,8.763592815399171
2024121502,546,43454,13,66.09752655029297,8.359865683317182
2024121502,546,57163,1,71.27678990364075,15.00422860383987
2024121502,546,57163,2,70.67673325538635,14.534256178140637
2024121502,546,57163,3,70.12215256690979,14.082201623916625
2024121502,546,57163,4,69.63232040405273,13.66958544850349
2024121502,546,57163,5,69.19650793075562,13.292198222875598
2024121502,546,57163,6,68.79530310630798,12.938717377185824
2024121502,546,57163,7,68.4043836593628,12.60220767855644
2024121502,546,57163,8,68.01442265510559,12.277185750007632
2024121502,546,57163,9,67.6270866394043,11.958946561813356
2024121502,546,57163,10,67.242990732193,11.64748058319092
2024121502,546,57163,11,66.86357259750366,11.344293677806853
2024121502,546,57163,12,66.49110674858093,11.051117271184921
2024121502,546,57163,13,66.12797498703003,10.769501703977582
2024121502,625,43294,1,54.92939114570618,46.68241857886314
2024121502,625,43294,2,55.527788400650024,46.56740109324455
2024121502,625,43294,3,56.1821186542511,46.44872378706932
2024121502,625,43294,4,56.825573444366455,46.33628914356231
2024121502,625,43294,5,57.453893423080444,46.229449069499964
2024121502,625,43294,6,58.087302446365356,46.13035752177238
2024121502,625,43294,7,58.74215126037598,46.03780726790428
2024121502,625,43294,8,59.424015283584595,45.950953245162964
2024121502,625,43294,9,60.13026237487793,45.86925537586212
2024121502,625,43321,1,52.35875129699707,34.24452477097511
2024121502,625,43321,2,52.696638107299805,34.267233449220655
2024121502,625,43321,3,53.12225103378296,34.28585342168808
2024121502,625,43321,4,53.56927156448364,34.301175743341446
2024121502,625,43321,5,54.02689576148987,34.31689835786819
2024121502,625,43321,6,54.507858753204346,34.32680084109306
2024121502,625,43321,7,55.0265371799469,34.330689400434494
2024121502,625,43321,8,55.58762311935425,34.3290850520134
2024121502,625,43321,9,56.18788003921509,34.322737550735475
2024121502,625,52435,1,57.640442848205566,29.91102401614189
2024121502,625,52435,2,58.2755184173584,29.824258947372435
2024121502,625,52435,3,58.93641471862793,29.72345821261406
2024121502,625,52435,4,59.568153619766235,29.626816076040267
2024121502,625,52435,5,60.16953706741333,29.53854196667671
2024121502,625,52435,6,60.75881481170654,29.44518477320671
2024121502,625,52435,7,61.355388164520264,29.341248410940167
2024121502,625,52435,8,61.969056129455566,29.225319147109985
2024121502,625,52435,9,62.60099172592163,29.098165798187253
2024121502,625,54509,1,51.914241313934326,44.0754508793354
2024121502,625,54509,2,52.12517023086548,43.63286356925964
2024121502,625,54509,3,52.351945638656616,43.1982662320137
2024121502,625,54509,4,52.5870680809021,42.78142156600952
2024121502,625,54509,5,52.83145308494568,42.371594732999796
2024121502,625,54509,6,53.08799743652344,41.95778720974922
2024121502,625,54509,7,53.35764527320862,41.53437265753746
2024121502,625,54509,8,53.6389946937561,41.10076334476471
2024121502,625,54509,9,53.92914533615112,40.659577059745786
2024121502,723,44912,1,85.75569748878479,25.81624395251274
2024121502,723,44912,2,85.36843299865723,26.10621801614761
2024121502,723,44912,3,84.9722421169281,26.401071840524672
2024121502,723,44912,4,84.55681800842285,26.692793214321135
2024121502,723,44912,5,84.10830974578857,26.994502848386762
2024121502,723,44912,6,83.62530827522278,27.315586975216863
2024121502,723,44912,7,83.10744881629944,27.656506249308585
2024121502,723,44912,8,82.55768179893494,28.016407665610313
2024121502,723,54540,1,83.68056178092957,23.9869627058506
2024121502,723,54540,2,83.45916867256165,23.789481711387634
2024121502,723,54540,3,83.21685791015625,23.560796934366223
2024121502,723,54540,4,82.97264814376831,23.341207700967786
2024121502,723,54540,5,82.74017214775085,23.126812744140622
2024121502,723,54540,6,82.50676274299622,22.906117939949034
2024121502,723,54540,7,82.26279973983765,22.670879161357878
2024121502,723,54540,8,82.00405955314636,22.41810691952705
2024121502,723,55867,1,84.92352604866028,34.90927144885063
2024121502,723,55867,2,84.35846328735352,34.662767285108565
2024121502,723,55867,3,83.76787304878235,34.418355128169054
2024121502,723,55867,4,83.20629358291626,34.193466779589656
2024121502,723,55867,5,82.68215775489807,33.98426768779754
2024121502,723,55867,6,82.17182636260986,33.78738395571709
2024121502,723,55867,7,81.65630578994751,33.596205985546106
2024121502,723,55867,8,81.12612247467041,33.40706601440907
2024121502,924,41256,1,86.97956800460815,31.45690108537674
2024121502,924,41256,2,87.14728832244873,31.380162400007247
2024121502,924,41256,3,87.40694046020508,31.272823548316953
2024121502,924,41256,4,87.70328521728516,31.153622049093244
2024121502,924,41256,5,88.0333685874939,31.022040063142775
2024121502,924,41256,6,88.41232538223267,30.87545662522316
2024121502,924,41256,7,88.84478330612183,30.71018649935722
2024121502,924,41256,8,89.32811737060547,30.52457132935524
2024121502,924,41256,9,89.85763549804688,30.320463263988493
2024121502,924,56032,1,90.20391941070557,26.678497040271758
2024121502,924,56032,2,90.9744143486023,26.918205755949018
2024121502,924,56032,3,91.74296379089355,27.14534019231796
2024121502,924,56032,4,92.43899345397949,27.354420149326323
2024121502,924,56032,5,93.08051347732544,27.54108688235283
2024121502,924,56032,6,93.70014667510986,27.712977725267407
2024121502,924,56032,7,94.3217396736145,27.87677057981491
2024121502,924,56032,8,94.95669364929199,28.036366713047027
2024121502,924,56032,9,95.60685396194458,28.19338635802269
2024121502,924,57163,1,86.72063112258911,40.0791110932827
2024121502,924,57163,2,86.85778856277466,40.2682081758976
2024121502,924,57163,3,87.0309591293335,40.50976586341858
2024121502,924,57163,4,87.21419334411621,40.7609718799591
2024121502,924,57163,5,87.41617441177368,41.011545687913895
2024121502,924,57163,6,87.62326240539551,41.26813977360725
2024121502,924,57163,7,87.83590078353882,41.535986536741255
2024121502,924,57163,8,88.05484056472778,41.81655054092407
2024121502,924,57163,9,88.27904462814331,42.108262383937834
2024121502,924,57304,1,84.14729118347168,31.928646236658096
2024121502,924,57304,2,84.38705921173096,31.75363882780075
2024121502,924,57304,3,84.67525005340576,31.54408868551254
2024121502,924,57304,4,84.99055624008179,31.319200336933136
2024121502,924,57304,5,85.33532381057739,31.075529992580414
2024121502,924,57304,6,85.71557521820068,30.807219398021697
2024121502,924,57304,7,86.13290548324585,30.512349689006804
2024121502,924,57304,8,86.58398866653442,30.192950922250745
2024121502,924,57304,9,87.0623230934143,29.85355657339096
2024121502,1130,43294,1,66.08413338661194,42.63962972909212
2024121502,1130,43294,2,65.85927128791809,42.48416677862406
2024121502,1130,43294,3,65.53090810775757,42.290995286405085
2024121502,1130,43294,4,65.17510771751404,42.09455235302448
2024121502,1130,43294,5,64.80241298675537,41.9023307621479
2024121502,1130,43294,6,64.40749526023865,41.70894721001386
2024121502,1130,43294,7,63.98143529891968,41.510401150584215
2024121502,1130,43294,8,63.5223913192749,41.30535748004913
2024121502,1130,43294,9,63.03415775299072,41.09464140534401
2024121502,1130,43294,10,62.5236976146698,40.87967380732297
2024121502,1130,43294,11,61.99631094932556,40.662753987312314
2024121502,1130,44974,1,71.91638946533203,31.649141737818717
2024121502,1130,44974,2,71.70302867889404,31.82483377456665
2024121502,1130,44974,3,71.46419048309326,32.00660327374935
2024121502,1130,44974,4,71.23425364494324,32.16977662742138
2024121502,1130,44974,5,70.99911689758301,32.32337789833545
2024121502,1130,44974,6,70.73383212089539,32.48131249845028
2024121502,1130,44974,7,70.42284607887268,32.65273315608501
2024121502,1130,44974,8,70.0617527961731,32.84122185707092
2024121502,1130,44974,9,69.65372800827026,33.046470439434046
2024121502,1130,44974,10,69.20611381530762,33.26601837277413
2024121502,1130,44974,11,68.72771501541138,33.496475875377655
2024121502,1130,52435,1,74.95013952255249,43.12024883329868
2024121502,1130,52435,2,74.64450716972351,43.30251711010933
2024121502,1130,52435,3,74.31174516677856,43.5146429464221
2024121502,1130,52435,4,73.99570226669312,43.7195905148983
2024121502,1130,52435,5,73.70635986328125,43.921953652799125
2024121502,1130,52435,6,73.4220027923584,44.13065873235464
2024121502,1130,52435,7,73.1334900856018,44.35338597595691
2024121502,1130,52435,8,72.83696293830872,44.59285642206669
2024121502,1130,52435,9,72.53257155418396,44.84810269623995
2024121502,1130,52435,10,72.22264409065247,45.11606224030256
2024121502,1130,52435,11,71.9104278087616,45.392800429463385
2024121502,1130,53518,1,70.2150571346283,41.276145631074904
2024121502,1130,53518,2,69.64256644248962,41.06377517133951
2024121502,1130,53518,3,69.03138756752014,40.84116547405719
2024121502,1130,53518,4,68.42105984687805,40.61588398069143
2024121502,1130,53518,5,67.7994453907013,40.386707574129105
2024121502,1130,53518,6,67.1494996547699,40.149662712216376
2024121502,1130,53518,7,66.46305084228516,39.90282814800739
2024121502,1130,53518,8,65.74102878570557,39.64677731692791
2024121502,1130,53518,9,64.99016761779785,39.38373724520206
2024121502,1130,53518,10,64.21988368034363,39.11670854091644
2024121502,1130,53518,11,63.440104722976685,38.848779177665705
2024121502,1242,53435,1,61.728150844573975,35.86148241758347
2024121502,1242,53435,2,62.53312110900879,35.52533806562423
2024121502,1242,53435,3,63.303258419036865,35.19868001937866
2024121502,1242,53435,4,64.02931451797485,34.88636580109596
2024121502,1242,53435,5,64.73381280899048,34.57953495979309
2024121502,1242,53435,6,65.43803215026855,34.26955260634422
2024121502,1242,53435,7,66.15329504013062,33.95202504992485
2024121502,1242,53435,8,66.8819260597229,33.62644715905189
2024121502,1242,53435,9,67.6204776763916,33.2947695672512
2024121502,1242,53435,10,68.36268424987793,32.960146963596344
2024121502,1242,53435,11,69.10152912139893,32.62601360678673
2024121502,1242,53435,12,69.83028173446655,32.29560678601265
2024121502,1242,53435,13,70.54309129714966,31.97173490524292
2024121502,1242,54468,1,61.066832542419434,22.952772709727284
2024121502,1242,54468,2,61.57012939453125,23.300060135126113
2024121502,1242,54468,3,62.088518142700195,23.658198356628418
2024121502,1242,54468,4,62.578017711639404,23.997796028852463
2024121502,1242,54468,5,63.03574562072754,24.316899341344833
2024121502,1242,54468,6,63.46855401992798,24.6234839707613
2024121502,1242,54468,7,63.894431591033936,24.922123104333878
2024121502,1242,54468,8,64.31942224502563,25.216641762852667
2024121502,1242,54468,9,64.74238157272339,25.509298741817474
2024121502,1242,54468,10,65.15915393829346,25.80067700743675
2024121502,1242,54468,11,65.56984663009644,26.08821595609188
2024121502,1242,54468,12,65.97569704055786,26.36904999911785
2024121502,1242,54468,13,66.37330055236816,26.641263449192046
2024121502,1242,54540,1,59.98371720314026,29.29817245006561
2024121502,1242,54540,2,60.063958168029785,29.191326022148132
2024121502,1242,54540,3,60.136685371398926,29.01775776147842
2024121502,1242,54540,4,60.20613670349121,28.82783150076866
2024121502,1242,54540,5,60.26455879211426,28.628727096319196
2024121502,1242,54540,6,60.308003425598145,28.412600713968274
2024121502,1242,54540,7,60.33447504043579,28.173209691047667
2024121502,1242,54540,8,60.34382343292236,27.90901957154274
2024121502,1242,54540,9,60.33720016479492,27.622276443243024
2024121502,1242,54540,10,60.31645059585571,27.3174438893795
2024121502,1242,54540,11,60.28367042541504,26.999814671278
2024121502,1242,54540,12,60.240983963012695,26.674640250205993
2024121502,1242,54540,13,60.19031524658203,26.34668442904949
2024121502,1242,56032,1,61.265530586242676,24.12174703478813
2024121502,1242,56032,2,61.40071392059326,24.001792603731154
2024121502,1242,56032,3,61.54487371444702,23.82090311348438
2024121502,1242,56032,4,61.68234586715698,23.6275235325098
2024121502,1242,56032,5,61.80858135223389,23.426838606595993
2024121502,1242,56032,6,61.92396640777588,23.21005618870258
2024121502,1242,56032,7,62.02960968017578,22.970358592271804
2024121502,1242,56032,8,62.126498222351074,22.705871430039405
2024121502,1242,56032,9,62.21529722213745,22.41868512034416
2024121502,1242,56032,10,62.29647159576416,22.113172703981398
2024121502,1242,56032,11,62.37037897109985,21.794641238451003
2024121502,1242,56032,12,62.43734121322632,21.46836283504963
2024121502,1242,56032,13,62.497687339782715,21.1391187697649
2024121502,1242,57163,1,61.85982942581177,36.553477603197095
2024121502,1242,57163,2,62.47643709182739,36.25280364751816
2024121502,1242,57163,3,63.090527057647705,35.9547983109951
2024121502,1242,57163,4,63.667123317718506,35.676931518316266
2024121502,1242,57163,5,64.2165756225586,35.41893005371094
2024121502,1242,57163,6,64.7491979598999,35.16992247104645
2024121502,1242,57163,7,65.27716398239136,34.921890205144884
2024121502,1242,57163,8,65.80708980560303,34.67144029736519
2024121502,1242,57163,9,66.33964776992798,34.41829317808151
2024121502,1242,57163,10,66.87747001647949,34.16507616639137
2024121502,1242,57163,11,67.41607189178467,33.9140067577362
2024121502,1242,57163,12,67.9487156867981,33.66662576198578
2024121502,1242,57163,13,68.46849203109741,33.423698818683626
2024121502,1242,57199,1,75.44059753417969,26.158086124062535
2024121502,1242,57199,2,76.04400157928467,26.230677330493926
2024121502,1242,57199,3,76.69430494308472,26.304313746094703
2024121502,1242,57199,4,77.3385500907898,26.373110112547874
2024121502,1242,57199,5,77.98403263092041,26.435824251174925
2024121502,1242,57199,6,78.65124464035034,26.496160459518432
2024121502,1242,57199,7,79.35452699661255,26.555864459276197
2024121502,1242,57199,8,80.09904384613037,26.61424685716629
2024121502,1242,57199,9,80.88207721710205,26.67086288332939
2024121502,1242,57199,10,81.69641017913818,26.725277298688887
2024121502,1242,57199,11,82.53265142440796,26.77647348642349
2024121502,1242,57199,12,83.38122367858887,26.824629354476926
2024121502,1242,57199,13,84.23301458358765,26.86987833380699
2024121502,1295,43373,1,19.374847412109375,5.043706089258194
2024121502,1295,43373,2,19.23781156539917,4.700283396244046
2024121502,1295,43373,3,19.08484697341919,4.341630512475966
2024121502,1295,43373,4,18.929364681243896,3.999135482311246
2024121502,1295,43373,5,18.759019374847412,3.675562232732773
2024121502,1295,43373,6,18.58485460281372,3.3600234329700456
2024121502,1295,43373,7,18.40297222137451,3.0442018866539016
2024121502,1295,43373,8,18.212013244628906,2.724396473169328
2024121502,1295,43373,9,18.01112651824951,2.4005817770957947
2024121502,1295,43373,10,17.796764373779297,2.074825978279115
2024121502,1295,43373,11,17.574477195739746,1.749813580512999
2024121502,1295,43373,12,17.351760864257812,1.4277747869491577
2024121502,1295,53465,1,22.82607078552246,15.762246698141098
2024121502,1295,53465,2,22.716593742370605,15.261683636903761
2024121502,1295,53465,3,22.62300968170166,14.787311166524887
2024121502,1295,53465,4,22.54326581954956,14.352494621276854
2024121502,1295,53465,5,22.470924854278564,13.947261625528334
2024121502,1295,53465,6,22.399535179138184,13.55669968128204
2024121502,1295,53465,7,22.324848175048828,13.170143842697144
2024121502,1295,53465,8,22.24987506866455,12.782256871461868
2024121502,1295,53465,9,22.17045307159424,12.391987204551697
2024121502,1295,53465,10,22.085695266723633,12.000319689512253
2024121502,1295,53465,11,21.996467113494873,11.609332036972049
2024121502,1295,53465,12,21.903855800628662,11.2216039121151
2024121502,1295,54936,1,30.580108165740967,14.218587124347685
2024121502,1295,54936,2,30.33510446548462,13.786442375183107
2024121502,1295,54936,3,30.09889841079712,13.349271726608272
2024121502,1295,54936,4,29.883813858032227,12.938927054405212
2024121502,1295,54936,5,29.68010902404785,12.556631475687027
2024121502,1295,54936,6,29.486231803894043,12.192393553256991
2024121502,1295,54936,7,29.296753406524658,11.836736512184146
2024121502,1295,54936,8,29.10806894302368,11.484799653291702
2024121502,1295,54936,9,28.91901969909668,11.13545199036598
2024121502,1295,54936,10,28.73223066329956,10.78810896873474
2024121502,1295,54936,11,28.545470237731934,10.445248591899869
2024121502,1295,54936,12,28.360447883605957,10.109583956003192
2024121502,1295,55934,1,21.24260187149048,3.8757054924964933
2024121502,1295,55934,2,20.93578577041626,3.496996665000914
2024121502,1295,55934,3,20.634913444519043,3.109764140844348
2024121502,1295,55934,4,20.347437858581543,2.728373986482623
2024121502,1295,55934,5,20.061779022216797,2.3457734227180467
2024121502,1295,55934,6,19.76752996444702,1.9535086452960968
2024121502,1295,55934,7,19.459640979766846,1.547608494758606
2024121502,1295,55934,8,19.13769006729126,1.1285240948200226
2024121502,1295,55934,9,18.804144859313965,0.6995149731636019
2024121502,1295,55934,10,18.462810516357422,0.2651463747024536
2024121502,1295,55934,11,18.117849826812744,0.0
2024121502,1295,55934,12,17.773211002349854,0.0
2024121502,1391,40166,1,3.7244725227355957,23.26487883925438
2024121502,1391,40166,2,3.785419464111328,23.574054253101348
2024121502,1391,40166,3,3.832554817199707,23.903774857521057
2024121502,1391,40166,4,3.8689327239990234,24.231919705867767
2024121502,1391,40166,5,3.8994598388671875,24.555283278226852
2024121502,1391,40166,6,3.928799629211426,24.879920798540113
2024121502,1391,40166,7,3.962416648864746,25.21072473526001
2024121502,1391,40166,8,3.9986658096313477,25.54948369860649
2024121502,1391,40166,9,4.03813362121582,25.895622664690016
2024121502,1391,40166,10,4.080719947814941,26.24674940705299
2024121502,1391,40166,11,4.125981330871582,26.59965205192566
2024121502,1391,44974,1,6.573586463928223,25.983601319789884
2024121502,1391,44974,2,6.511809825897217,25.68773723244667
2024121502,1391,44974,3,6.448395252227783,25.409117507934567
2024121502,1391,44974,4,6.402196884155273,25.16325508356094
2024121502,1391,44974,5,6.365196704864502,24.934306621551514
2024121502,1391,44974,6,6.32821798324585,24.702152639627457
2024121502,1391,44974,7,6.2853240966796875,24.45378997325897
2024121502,1391,44974,8,6.233775615692139,24.183986222743986
2024121502,1391,44974,9,6.173057556152344,23.89285258054733
2024121502,1391,44974,10,6.103827953338623,23.583496081829068
2024121502,1391,44974,11,6.027359962463379,23.260275471210477
2024121502,1391,53518,1,2.328915596008301,26.66211362481117
2024121502,1391,53518,2,2.4480700492858887,26.999442970752714
2024121502,1391,53518,3,2.5524187088012695,27.36282153427601
2024121502,1391,53518,4,2.6467466354370117,27.733079734444615
2024121502,1391,53518,5,2.7367043495178223,28.116228318214414
2024121502,1391,53518,6,2.826547622680664,28.518935656547544
2024121502,1391,53518,7,2.9186081886291504,28.943277871608732
2024121502,1391,53518,8,3.0136513710021973,29.387072414159775
2024121502,1391,53518,9,3.1114768981933594,29.845509415864942
2024121502,1391,53518,10,3.2113051414489746,30.312686145305634
2024121502,1391,53518,11,3.3121705055236816,30.782677632570266
2024121502,1391,54936,1,8.544180393218994,36.95316686034202
2024121502,1391,54936,2,8.364808559417725,36.53575352430343
2024121502,1391,54936,3,8.215227127075195,36.114295959472656
2024121502,1391,54936,4,8.095536231994629,35.71659069359302
2024121502,1391,54936,5,7.999262809753418,35.34181966781616
2024121502,1391,54936,6,7.9138898849487305,34.98102553486824
2024121502,1391,54936,7,7.832300662994385,34.62506350874901
2024121502,1391,54936,8,7.750611305236816,34.26951130628586
2024121502,1391,54936,9,7.671082019805908,33.912979021668434
2024121502,1391,54936,10,7.595887184143066,33.55660240650177
2024121502,1391,54936,11,7.523825168609619,33.20333123803138
2024121502,1451,54468,1,50.444176197052,13.082569451630114
2024121502,1451,54468,2,51.35897755622864,13.117180489003658
2024121502,1451,54468,3,52.28062391281128,13.145961070060729
2024121502,1451,54468,4,53.14563989639282,13.168705488741397
2024121502,1451,54468,5,53.95578861236572,13.185701256990432
2024121502,1451,54468,6,54.73163723945618,13.202713704109192
2024121502,1451,54468,7,55.492762327194214,13.224115076661109
2024121502,1451,54468,8,56.24979615211487,13.251049862802027
2024121502,1451,54468,9,57.00912952423096,13.280028207600116
2024121502,1451,54468,10,57.76710033416748,13.311262170970439
2024121502,1451,54468,11,58.51786136627197,13.344611173868179
2024121502,1451,54468,12,59.25513982772827,13.3797082811594
2024121502,1451,54468,13,59.97355341911316,13.417427942156792
2024121502,1451,54540,1,46.312183141708374,18.548895066976545
2024121502,1451,54540,2,46.294652223587036,18.098390853404997
2024121502,1451,54540,3,46.29779934883118,17.660089218616484
2024121502,1451,54540,4,46.30395770072937,17.262461787462232
2024121502,1451,54540,5,46.31805896759033,16.900485837459563
2024121502,1451,54540,6,46.340893507003784,16.557155275344847
2024121502,1451,54540,7,46.3713812828064,16.219223901629448
2024121502,1451,54540,8,46.40819191932678,15.879804137349128
2024121502,1451,54540,9,46.449912786483765,15.536948525905608
2024121502,1451,54540,10,46.49512767791748,15.191773757338524
2024121502,1451,54540,11,46.54258847236633,14.846881735324859
2024121502,1451,54540,12,46.59119367599487,14.505323898792266
2024121502,1451,54540,13,46.6400671005249,14.170024609565735
2024121502,1451,57304,1,34.83352303504944,12.765566882491111
2024121502,1451,57304,2,35.05003809928894,12.261338441073894
2024121502,1451,57304,3,35.27222156524658,11.77733114361763
2024121502,1451,57304,4,35.49226641654968,11.318447783589363
2024121502,1451,57304,5,35.713183879852295,10.871841660141945
2024121502,1451,57304,6,35.93876123428345,10.425318931043147
2024121502,1451,57304,7,36.17051839828491,9.972474910318851
2024121502,1451,57304,8,36.40780806541443,9.512164315581321
2024121502,1451,57304,9,36.6486382484436,9.046615761518478
2024121502,1451,57304,10,36.89045190811157,8.579686832427978
2024121502,1451,57304,11,37.13067054748535,8.115702120959758
2024121502,1451,57304,12,37.36695885658264,7.658749538660049
2024121502,1451,57304,13,37.59736776351929,7.212345150113105
2024121502,1476,44912,1,65.37595510482788,22.718866652250288
2024121502,1476,44912,2,65.4971981048584,22.37669725716114
2024121502,1476,44912,3,65.63124418258667,22.03792082071304
2024121502,1476,44912,4,65.77852964401245,21.69721122384071
2024121502,1476,44912,5,65.93748092651367,21.33991488814354
2024121502,1476,44912,6,66.10947132110596,20.960789883136748
2024121502,1476,44912,7,66.29510879516602,20.55985050499439
2024121502,1476,44912,8,66.49372100830078,20.13818326294422
2024121502,1476,44912,9,66.703941822052,19.699821266531945
2024121502,1476,54540,1,67.68552303314209,17.379021671414375
2024121502,1476,54540,2,67.82968997955322,17.274675485491752
2024121502,1476,54540,3,68.02289485931396,17.116329473257064
2024121502,1476,54540,4,68.21880340576172,16.946659302711485
2024121502,1476,54540,5,68.41744422912598,16.769380390644073
2024121502,1476,54540,6,68.62850189208984,16.575714886188507
2024121502,1476,54540,7,68.85905742645264,16.35916756093502
2024121502,1476,54540,8,69.11117792129517,16.118118181824684
2024121502,1476,54540,9,69.38309669494629,15.85470482110977
2024121502,1476,56032,1,69.2865800857544,28.646721214056015
2024121502,1476,56032,2,69.83930110931396,28.665204578638075
2024121502,1476,56032,3,70.46098709106445,28.69622092247009
2024121502,1476,56032,4,71.06646537780762,28.733543467521667
2024121502,1476,56032,5,71.65603637695312,28.775291472673416
2024121502,1476,56032,6,72.25484132766724,28.825207358598707
2024121502,1476,56032,7,72.88125514984131,28.88573100566864
2024121502,1476,56032,8,73.54202270507812,28.957415199279783
2024121502,1476,56032,9,74.23484086990356,29.039370399713516
2024121502,1523,54468,1,76.98100090026855,9.744519238173961
2024121502,1523,54468,2,77.04590320587158,9.50599789917469
2024121502,1523,54468,3,77.13951587677002,9.234761354327201
2024121502,1523,54468,4,77.23909378051758,8.964184021949768
2024121502,1523,54468,5,77.32643365859985,8.695696313679218
2024121502,1523,54468,6,77.4214768409729,8.42343282699585
2024121502,1523,54468,7,77.53242015838623,8.141641734540462
2024121502,1523,54468,8,77.65982866287231,7.8480594754219055
2024121502,1523,54468,9,77.8009557723999,7.543612918257713
2024121502,1523,54468,10,77.94767618179321,7.2299993366003035
2024121502,1523,54468,11,78.09826612472534,6.911521878838538
2024121502,1523,54468,12,78.25085163116455,6.592386797070503
2024121502,1523,56121,1,64.38392400741577,15.808709263801575
2024121502,1523,56121,2,64.29038286209106,15.431256911158561
2024121502,1523,56121,3,64.21490907669067,15.03754186630249
2024121502,1523,56121,4,64.15467023849487,14.646959272027015
2024121502,1523,56121,5,64.10362243652344,14.252937653660773
2024121502,1523,56121,6,64.05698776245117,13.846653094887733
2024121502,1523,56121,7,64.01174783706665,13.424013713002203
2024121502,1523,56121,8,63.96629333496094,12.985664424300193
2024121502,1523,56121,9,63.919994831085205,12.53528013974428
2024121502,1523,56121,10,63.87275218963623,12.077928058803082
2024121502,1523,56121,11,63.82476568222046,11.618891412019728
2024121502,1523,56121,12,63.77638578414917,11.163073787093161
2024121502,1649,43395,1,94.9505352973938,11.705682690441607
2024121502,1649,43395,2,95.1658844947815,11.535475619137287
2024121502,1649,43395,3,95.39172649383545,11.318549445271492
2024121502,1649,43395,4,95.60519456863403,11.086660736799239
2024121502,1649,43395,5,95.80366373062134,10.84628089517355
2024121502,1649,43395,6,95.99096775054932,10.593071031570434
2024121502,1649,43395,7,96.17098331451416,10.322944028675556
2024121502,1649,43395,8,96.3451337814331,10.035029408335685
2024121502,1649,43395,9,96.51015758514404,9.73126747906208
2024121502,1649,43395,10,96.67065382003784,9.415873229503632
2024121502,1649,43395,11,96.82680130004883,9.09308626949787
2024121502,1649,44912,1,98.06498050689697,17.198770743608474
2024121502,1649,44912,2,98.95681142807007,17.496093040704725
2024121502,1649,44912,3,99.83860731124878,17.781387490034103
2024121502,1649,44912,4,100.69772243499756,18.052840065956115
2024121502,1649,44912,5,101.55616521835327,18.32106647193432
2024121502,1649,44912,6,102.42251873016357,18.58797286450863
2024121502,1649,44912,7,103.30413579940796,18.856294578313825
2024121502,1649,44912,8,104.20206785202026,19.127043464779852
2024121502,1649,44912,9,105.1118016242981,19.399442765116692
2024121502,1649,44912,10,106.0259485244751,19.67172928452492
2024121502,1649,44912,11,106.93624019622803,19.94179036617279
2024121502,1649,54468,1,102.16102123260498,14.121754372119902
2024121502,1649,54468,2,102.79243469238281,14.152487969398498
2024121502,1649,54468,3,103.49384307861328,14.168045383691787
2024121502,1649,54468,4,104.17825698852539,14.173450925946234
2024121502,1649,54468,5,104.83846664428711,14.176861357688903
2024121502,1649,54468,6,105.4919171333313,14.174898016452788
2024121502,1649,54468,7,106.1547303199768,14.166023269295692
2024121502,1649,54468,8,106.83433055877686,14.151131421327591
2024121502,1649,54468,9,107.53001689910889,14.13127721250057
2024121502,1649,54468,10,108.23668241500854,14.107848960161208
2024121502,1649,54468,11,108.94908428192139,14.083964818716048
2024121502,1649,54540,1,95.52442789077759,20.499091765284536
2024121502,1649,54540,2,95.67991733551025,20.24989992082119
2024121502,1649,54540,3,95.84749460220337,19.97859507203102
2024121502,1649,54540,4,96.00548028945923,19.72206770181656
2024121502,1649,54540,5,96.15339517593384,19.47777626812458
2024121502,1649,54540,6,96.29437923431396,19.231753408908844
2024121502,1649,54540,7,96.43122911453247,18.97380118668079
2024121502,1649,54540,8,96.56538963317871,18.699694287776946
2024121502,1649,54540,9,96.69710397720337,18.40980123579502
2024121502,1649,54540,10,96.82589292526245,18.10718617737293
2024121502,1649,54540,11,96.95101976394653,17.79607283771038
2024121502,1649,57199,1,104.22823190689087,25.957658529281616
2024121502,1649,57199,2,104.21935558319092,25.773849442601204
2024121502,1649,57199,3,104.22808885574341,25.54568885862827
2024121502,1649,57199,4,104.24676418304443,25.305184322595593
2024121502,1649,57199,5,104.27199840545654,25.053319093585014
2024121502,1649,57199,6,104.30223941802979,24.78278623819351
2024121502,1649,57199,7,104.33647871017456,24.48868216872215
2024121502,1649,57199,8,104.37253475189209,24.17095605432987
2024121502,1649,57199,9,104.411301612854,23.83182697892189
2024121502,1649,57199,10,104.45199251174927,23.475213682651518
2024121502,1649,57199,11,104.49389934539795,23.105810075998306
2024121502,1672,54468,1,99.78364706039429,17.904298052191734
2024121502,1672,54468,2,100.01320838928223,18.274980372190473
2024121502,1672,54468,3,100.25220394134521,18.657900217175484
2024121502,1672,54468,4,100.47743797302246,19.018471965193747
2024121502,1672,54468,5,100.68639278411865,19.3559808075428
2024121502,1672,54468,6,100.88932514190674,19.67870581746101
2024121502,1672,54468,7,101.09898090362549,19.994047647714613
2024121502,1672,54468,8,101.31880044937134,20.30651118159294
2024121502,1672,54468,9,101.54803991317749,20.617435494065283
2024121502,1672,54540,1,89.62490558624268,14.45686145722866
2024121502,1672,54540,2,90.12122869491577,14.33935802578926
2024121502,1672,54540,3,90.63973188400269,14.193208238482475
2024121502,1672,54540,4,91.12298727035522,14.048400703072547
2024121502,1672,54540,5,91.57410621643066,13.902767166495323
2024121502,1672,54540,6,92.01853036880493,13.74835101366043
2024121502,1672,54540,7,92.47489929199219,13.5795020788908
2024121502,1672,54540,8,92.95156002044678,13.394482582807541
2024121502,1672,54540,9,93.44894886016846,13.194533115625381
2024121502,1672,55949,1,88.4227967262268,17.3351975440979
2024121502,1672,55949,2,89.17332172393799,17.71849226653576
2024121502,1672,55949,3,89.93288040161133,18.09613523483276
2024121502,1672,55949,4,90.68676710128784,18.46250805258751
2024121502,1672,55949,5,91.40521287918091,18.80608006119728
2024121502,1672,55949,6,92.10823059082031,19.136598074436186
2024121502,1672,55949,7,92.81554698944092,19.463748544454575
2024121502,1672,55949,8,93.53447198867798,19.791620177030563
2024121502,1672,55949,9,94.26476955413818,20.120845180749892
2024121502,1757,44974,1,68.39539647102356,23.96720539331436
2024121502,1757,44974,2,68.03782939910889,23.708546304702757
2024121502,1757,44974,3,67.6880407333374,23.473761826753616
2024121502,1757,44974,4,67.38360643386841,23.268128836154936
2024121502,1757,44974,5,67.09969282150269,23.081284195184708
2024121502,1757,44974,6,66.80328011512756,22.898293167352676
2024121502,1757,44974,7,66.47311091423035,22.70908171534538
2024121502,1757,44974,8,66.10079884529114,22.50914177894592
2024121502,1757,46206,1,75.39520382881165,22.736530369520185
2024121502,1757,46206,2,75.33480048179626,22.254511034488676
2024121502,1757,46206,3,75.28343081474304,21.795098716020583
2024121502,1757,46206,4,75.23793339729309,21.352025336027143
2024121502,1757,46206,5,75.18777251243591,20.909028202295303
2024121502,1757,46206,6,75.13157844543457,20.458771789073943
2024121502,1757,46206,7,75.0704026222229,19.9990036547184
2024121502,1757,46206,8,75.00377655029297,19.52884061336517
2024121502,1787,46206,1,67.38840579986572,33.77024443149567
2024121502,1787,46206,2,66.56684875488281,33.89541061222553
2024121502,1787,46206,3,65.76039433479309,34.01227389276028
2024121502,1787,46206,4,64.95364308357239,34.12710393965244
2024121502,1787,46206,5,64.12150382995605,34.24767628312111
2024121502,1787,46206,6,63.25219988822937,34.37613217234612
2024121502,1787,46206,7,62.34538793563843,34.511705967783925
2024121502,1787,53465,1,64.40019965171814,29.383889132738112
2024121502,1787,53465,2,64.35701251029968,29.657714873552322
2024121502,1787,53465,3,64.29645538330078,29.94024221897125
2024121502,1787,53465,4,64.2276120185852,30.21497814953327
2024121502,1787,53465,5,64.15139436721802,30.489245483279227
2024121502,1787,53465,6,64.06660437583923,30.77479090988636
2024121502,1787,53465,7,63.97456884384155,31.078942012786865
2024121502,1787,54936,1,67.95527458190918,37.300525766611095
2024121502,1787,54936,2,67.80852913856506,37.54089846014976
2024121502,1787,54936,3,67.63641357421875,37.819022583961484
2024121502,1787,54936,4,67.4641227722168,38.099156114459035
2024121502,1787,54936,5,67.30682373046875,38.3774946808815
2024121502,1787,54936,6,67.15049386024475,38.659899714589116
2024121502,1787,54936,7,66.99244379997253,38.952456620335575
2024121502,1813,43321,1,67.28674650192261,19.891464656591417
2024121502,1813,43321,2,67.22554206848145,19.758081352710725
2024121502,1813,43321,3,67.1657931804657,19.567046344280243
2024121502,1813,43321,4,67.11244225502014,19.360507929325102
2024121502,1813,43321,5,67.0654821395874,19.146783304214473
2024121502,1813,43321,6,67.0220947265625,18.922549402713777
2024121502,1813,43321,7,66.97932243347168,18.681906670331955
2024121502,1813,43321,8,66.93541646003723,18.422948950529097
2024121502,1813,52435,1,62.20680356025696,6.843769133090973
2024121502,1813,52435,2,61.7030668258667,6.7514635026454926
2024121502,1813,52435,3,61.15392208099365,6.63889860510826
2024121502,1813,52435,4,60.624128580093384,6.531207114458084
2024121502,1813,52435,5,60.10850429534912,6.430009263753888
2024121502,1813,52435,6,59.5933198928833,6.321669679880145
2024121502,1813,52435,7,59.06012535095215,6.201597702503207
2024121502,1813,52435,8,58.50125312805176,6.068478083610536
2024121502,1813,54509,1,65.5635666847229,19.767427873611446
2024121502,1813,54509,2,65.41446805000305,19.340391623973844
2024121502,1813,54509,3,65.25196194648743,18.91938518285751
2024121502,1813,54509,4,65.105220079422,18.510673451423642
2024121502,1813,54509,5,64.96621370315552,18.10761029720306
2024121502,1813,54509,6,64.8277473449707,17.700347244739532
2024121502,1813,54509,7,64.6858012676239,17.283467632532115
2024121502,1813,54509,8,64.53908443450928,16.85631383657455
2024121502,1976,43454,1,80.80549478530884,30.984177440404892
2024121502,1976,43454,2,81.57418012619019,30.676244205236433
2024121502,1976,43454,3,82.32966184616089,30.379786032438275
2024121502,1976,43454,4,83.05570363998413,30.096207123994827
2024121502,1976,43454,5,83.77384185791016,29.819712764024732
2024121502,1976,43454,6,84.50572729110718,29.543463027477262
2024121502,1976,43454,7,85.26236057281494,29.263709139823913
2024121502,1976,43454,8,86.04472160339355,28.979806184768677
2024121502,1976,43454,9,86.84753894805908,28.69314883351326
2024121502,1976,43454,10,87.66252279281616,28.406097543239593
2024121502,1976,43454,11,88.48058223724365,28.12129234075546
2024121502,1976,54540,1,77.10943937301636,22.009455549716947
2024121502,1976,54540,2,77.33186960220337,21.69038241803646
2024121502,1976,54540,3,77.56213903427124,21.368403986096382
2024121502,1976,54540,4,77.78119325637817,21.07320387661457
2024121502,1976,54540,5,77.98504829406738,20.798772931098938
2024121502,1976,54540,6,78.17936182022095,20.52925986945629
2024121502,1976,54540,7,78.36888313293457,20.253159448504448
2024121502,1976,54540,8,78.55603694915771,19.96524721086025
2024121502,1976,54540,9,78.74131679534912,19.66510856747627
2024121502,1976,54540,10,78.92410039901733,19.355165925621986
2024121502,1976,54540,11,79.10319328308105,19.03912675976753
2024121502,1976,56032,1,79.59529638290405,31.154727619886398
2024121502,1976,56032,2,80.31073808670044,31.190420401096343
2024121502,1976,56032,3,81.05780839920044,31.233410584926602
2024121502,1976,56032,4,81.75657749176025,31.277442800998685
2024121502,1976,56032,5,82.41125822067261,31.322275602817534
2024121502,1976,56032,6,83.0516767501831,31.372239142656326
2024121502,1976,56032,7,83.70062828063965,31.43030702471733
2024121502,1976,56032,8,84.36865568161011,31.4975276350975
2024121502,1976,56032,9,85.0566816329956,31.573440319299696
2024121502,1976,56032,10,85.75982093811035,31.65672982931137
2024121502,1976,56032,11,86.470627784729,31.74573463201523
2024121502,1976,57163,1,89.23124313354492,33.56580278873444
2024121502,1976,57163,2,89.70723867416382,33.31140713691711
2024121502,1976,57163,3,90.24139165878296,33.054666912555696
2024121502,1976,57163,4,90.77287673950195,32.81645452976227
2024121502,1976,57163,5,91.29724502563477,32.59708132743835
2024121502,1976,57163,6,91.82745695114136,32.389967888593674
2024121502,1976,57163,7,92.37688779830933,32.18936715126038
2024121502,1976,57163,8,92.9502010345459,31.99226103425026
2024121502,1976,57163,9,93.5451865196228,31.79779176712036
2024121502,1976,57163,10,94.1566801071167,31.60676311254501
2024121502,1976,57163,11,94.77998971939087,31.420420426130292
2024121502,1976,57199,1,85.29599189758301,26.49117586016655
2024121502,1976,57199,2,85.30689239501953,26.405033469200134
2024121502,1976,57199,3,85.38113594055176,26.265091398358344
2024121502,1976,57199,4,85.48602104187012,26.10285364985466
2024121502,1976,57199,5,85.61546802520752,25.920377284288406
2024121502,1976,57199,6,85.77147245407104,25.711872351169585
2024121502,1976,57199,7,85.95228910446167,25.473666322231292
2024121502,1976,57199,8,86.15936994552612,25.20689494907856
2024121502,1976,57199,9,86.38969659805298,24.914376166462898
2024121502,1976,57199,10,86.63914918899536,24.60054019987583
2024121502,1976,57199,11,86.90321445465088,24.270455837249756
2024121502,2039,43373,1,10.329816341400146,7.895001757144925
2024121502,2039,43373,2,9.925568103790283,7.655235856771469
2024121502,2039,43373,3,9.489920139312744,7.388494664430617
2024121502,2039,43373,4,9.06806230545044,7.1242695987224565
2024121502,2039,43373,5,8.662147521972656,6.866617596149446
2024121502,2039,43373,6,8.25770616531372,6.611653274297716
2024121502,2039,43373,7,7.8423285484313965,6.354341202974318
2024121502,2039,43373,8,7.410850524902344,6.092692625522616
2024121502,2039,43373,9,6.966533660888672,5.825471717119214
2024121502,2039,43373,10,6.514134407043457,5.5541271567344666
2024121502,2039,43373,11,6.058015823364258,5.281870818138124
2024121502,2039,43373,12,5.599172115325928,5.012569022178653
2024121502,2039,43373,13,5.14218807220459,4.7489030957221985
2024121502,2039,54509,1,12.125952243804932,12.747850745916367
2024121502,2039,54509,2,11.83051586151123,12.257762014865875
2024121502,2039,54509,3,11.56160831451416,11.776860958337785
2024121502,2039,54509,4,11.312735080718994,11.314570343494417
2024121502,2039,54509,5,11.072330474853516,10.860069555044177
2024121502,2039,54509,6,10.831167697906494,10.403176540136336
2024121502,2039,54509,7,10.584490299224854,9.938938468694687
2024121502,2039,54509,8,10.33121109008789,9.467155194282533
2024121502,2039,54509,9,10.072524547576904,8.990635120868681
2024121502,2039,54509,10,9.810690879821777,8.513562262058258
2024121502,2039,54509,11,9.548349380493164,8.04042879343033
2024121502,2039,54509,12,9.288089275360107,7.575377428531645
2024121502,2039,54509,13,9.032149314880371,7.121947264671327
2024121502,2039,54936,1,11.55177354812622,13.12301729917526
2024121502,2039,54936,2,11.313600540161133,12.683095431327821
2024121502,2039,54936,3,11.094024181365967,12.243834364414212
2024121502,2039,54936,4,10.901191234588623,11.832975029945374
2024121502,2039,54936,5,10.73000192642212,11.449481749534606
2024121502,2039,54936,6,10.568926334381104,11.084290748834611
2024121502,2039,54936,7,10.409116744995117,10.727937960624693
2024121502,2039,54936,8,10.246303081512451,10.375445139408114
2024121502,2039,54936,9,10.083889961242676,10.024327927827834
2024121502,2039,54936,10,9.923536777496338,9.675326550006865
2024121502,2039,54936,11,9.76517915725708,9.330938071012497
2024121502,2039,54936,12,9.606564044952393,8.99381522536278
2024121502,2039,54936,13,9.446897506713867,8.66637247800827
2024121502,2171,53465,1,55.44455409049988,8.062696672976017
2024121502,2171,53465,2,55.10021209716797,8.296712334454059
2024121502,2171,53465,3,54.74495530128479,8.531698547303677
2024121502,2171,53465,4,54.39990520477295,8.75606985092163
2024121502,2171,53465,5,54.05306339263916,8.976407250761985
2024121502,2171,53465,6,53.68635535240173,9.2026712089777
2024121502,2171,53465,7,53.289620876312256,9.441116301715374
2024121502,2171,53465,8,52.859394550323486,9.693454892933369
2024121502,2171,55934,1,53.890804052352905,11.182793770730495
2024121502,2171,55934,2,53.34680199623108,11.326993718743324
2024121502,2171,55934,3,52.751487493515015,11.488509510457515
2024121502,2171,55934,4,52.134246826171875,11.65676674246788
2024121502,2171,55934,5,51.48070693016052,11.832731994986533
2024121502,2171,55934,6,50.77565789222717,12.01874269247055
2024121502,2171,55934,7,50.014246702194214,12.215440574288367
2024121502,2171,55934,8,49.201083183288574,12.421631909906864
2024121502,2196,44860,1,59.35430288314819,25.304459983110426
2024121502,2196,44860,2,59.569019079208374,25.19909082651138
2024121502,2196,44860,3,59.85035061836243,25.064404982328412
2024121502,2196,44860,4,60.196802616119385,24.903819236159322
2024121502,2196,44860,5,60.618038177490234,24.71307491660118
2024121502,2196,44860,6,61.117093563079834,24.49016102850437
2024121502,2196,44860,7,61.67714595794678,24.24096759557724
2024121502,2196,44860,8,62.28607892990112,23.972213819622993
2024121502,2221,43373,1,85.44497966766357,41.47923072576523
2024121502,2221,43373,2,86.27214431762695,41.6512168765068
2024121502,2221,43373,3,87.12499380111694,41.81366589069366
2024121502,2221,43373,4,87.9369306564331,41.95835270285606
2024121502,2221,43373,5,88.70534420013428,42.08889265656471
2024121502,2221,43373,6,89.44801568984985,42.21090255975723
2024121502,2221,43373,7,90.18264055252075,42.32934159636497
2024121502,2221,43373,8,90.91745853424072,42.44681802392006
2024121502,2221,43373,9,91.65313482284546,42.564199143648146
2024121502,2221,43373,10,92.38793849945068,42.68010616898536
2024121502,2221,43373,11,93.11784267425537,42.79291886687278
2024121502,2221,43373,12,93.83604526519775,42.90226235985756
2024121502,2221,43373,13,94.53630208969116,43.008848279714584
2024121502,2221,43373,14,95.21355628967285,43.11295301914215
2024121502,2221,46501,1,89.08576726913452,28.58510152697563
2024121502,2221,46501,2,89.47428703308105,29.07066949009895
2024121502,2221,46501,3,89.83971118927002,29.539441037178037
2024121502,2221,46501,4,90.1771330833435,29.974981921911237
2024121502,2221,46501,5,90.50027132034302,30.38367459177971
2024121502,2221,46501,6,90.82208633422852,30.777902710437772
2024121502,2221,46501,7,91.14649772644043,31.167428976297376
2024121502,2221,46501,8,91.48089408874512,31.556148302555084
2024121502,2221,46501,9,91.82734251022339,31.944835859537122
2024121502,2221,46501,10,92.18468427658081,32.33238607645035
2024121502,2221,46501,11,92.55197525024414,32.716127157211304
2024121502,2221,46501,12,92.92529582977295,33.09384478330612
2024121502,2221,46501,13,93.30066204071045,33.46336911320686
2024121502,2221,46501,14,93.67445468902588,33.82271139025688
2024121502,2221,53465,1,70.06827592849731,38.192492657899855
2024121502,2221,53465,2,70.24011611938477,38.56380877494812
2024121502,2221,53465,3,70.3978157043457,38.93498828411102
2024121502,2221,53465,4,70.53743362426758,39.28845324516296
2024121502,2221,53465,5,70.66084384918213,39.631237375736234
2024121502,2221,53465,6,70.7715654373169,39.9756544470787
2024121502,2221,53465,7,70.88159322738647,40.32912258505821
2024121502,2221,53465,8,70.98977565765381,40.69514276385307
2024121502,2221,53465,9,71.09054803848267,41.07323209047317
2024121502,2221,53465,10,71.18473291397095,41.46094115376472
2024121502,2221,53465,11,71.2729024887085,41.85478486418724
2024121502,2221,53465,12,71.35550737380981,42.25093502402305
2024121502,2221,53465,13,71.43286228179932,42.64572228193283
2024121502,2221,53465,14,71.50518894195557,43.03581721782684
2024121502,2221,53518,1,82.6279091835022,41.075176370143886
2024121502,2221,53518,2,83.62746477127075,41.267478972673416
2024121502,2221,53518,3,84.62177753448486,41.45116574764251
2024121502,2221,53518,4,85.57730913162231,41.620146524906154
2024121502,2221,53518,5,86.51226282119751,41.7798824429512
2024121502,2221,53518,6,87.44946241378784,41.93592041730881
2024121502,2221,53518,7,88.40128898620605,42.091526329517365
2024121502,2221,53518,8,89.36959505081177,42.24782798886299
2024121502,2221,53518,9,90.34940242767334,42.40459983348846
2024121502,2221,53518,10,91.3323712348938,42.56089513897896
2024121502,2221,53518,11,92.30931043624878,42.715535265207286
2024121502,2221,53518,12,93.27157258987427,42.867325687408446
2024121502,2221,53518,13,94.2117691040039,43.015233904123306
2024121502,2221,53518,14,95.12399196624756,43.158424383401865
2024121502,2244,40166,1,88.78846406936646,24.099510130286216
2024121502,2244,40166,2,89.4776701927185,24.288645336031912
2024121502,2244,40166,3,90.19057273864746,24.508469662070272
2024121502,2244,40166,4,90.87582349777222,24.737048012018203
2024121502,2244,40166,5,91.52373790740967,24.968590435385703
2024121502,2244,40166,6,92.14264154434204,25.20547962784767
2024121502,2244,40166,7,92.74196147918701,25.450425508618352
2024121502,2244,40166,8,93.3314037322998,25.70200163722038
2024121502,2244,40166,9,93.90958070755005,25.959882378578186
2024121502,2244,40166,10,94.47301626205444,26.222580930590627
2024121502,2244,40166,11,95.0198221206665,26.487384197115897
2024121502,2244,40166,12,95.54785251617432,26.751588612794876
2024121502,2244,40166,13,96.05518341064453,27.012776535749435
2024121502,2244,40166,14,96.54025554656982,27.26891632080078
2024121502,2244,40166,15,97.00206756591797,27.518413150310515
2024121502,2244,40166,16,97.4401044845581,27.760059791803357
2024121502,2244,40166,17,97.85430192947388,27.993020713329315
2024121502,2244,40166,18,98.24495315551758,28.216749483346938
2024121502,2244,43294,1,75.49169540405273,12.10834237486124
2024121502,2244,43294,2,76.07832670211792,11.784420457482337
2024121502,2244,43294,3,76.65081024169922,11.45038876235485
2024121502,2244,43294,4,77.17331886291504,11.131944662332534
2024121502,2244,43294,5,77.64828443527222,10.828181144595145
2024121502,2244,43294,6,78.0953049659729,10.532572005689143
2024121502,2244,43294,7,78.52867841720581,10.237723740935325
2024121502,2244,43294,8,78.9558219909668,9.940358555316925
2024121502,2244,43294,9,79.37891721725464,9.640433560311793
2024121502,2244,43294,10,79.79437351226807,9.33847771435976
2024121502,2244,43294,11,80.19886493682861,9.036646562814711
2024121502,2244,43294,12,80.59074640274048,8.738140860199929
2024121502,2244,43294,13,80.97202777862549,8.446293997764586
2024121502,2244,43294,14,81.34035587310791,8.16331552863121
2024121502,2244,43294,15,81.69384241104126,7.89088128209114
2024121502,2244,43294,16,82.03116416931152,7.630185782909393
2024121502,2244,43294,17,82.35151290893555,7.38200896680355
2024121502,2244,43294,18,82.65448808670044,7.146752715110779
2024121502,2244,44974,1,85.48693656921387,28.44013196825981
2024121502,2244,44974,2,86.33128881454468,28.13088348507881
2024121502,2244,44974,3,87.10458040237427,27.847438007593155
2024121502,2244,44974,4,87.7608847618103,27.60089572072029
2024121502,2244,44974,5,88.34366083145142,27.38745701909065
2024121502,2244,44974,6,88.90561580657959,27.200151723623275
2024121502,2244,44974,7,89.48196172714233,27.03303897976875
2024121502,2244,44974,8,90.0891923904419,26.88197607398033
2024121502,2244,44974,9,90.73060512542725,26.744300740957257
2024121502,2244,44974,10,91.40209436416626,26.618327620625493
2024121502,2244,44974,11,92.09602117538452,26.50296702682972
2024121502,2244,44974,12,92.80375957489014,26.397448554635048
2024121502,2244,44974,13,93.51699829101562,26.301179707050323
2024121502,2244,44974,14,94.22832012176514,26.213634702563283
2024121502,2244,44974,15,94.93153095245361,26.134338590502736
2024121502,2244,44974,16,95.6216025352478,26.062805300951002
2024121502,2244,44974,17,96.29462242126465,25.998569414019585
2024121502,2244,44974,18,96.9476866722107,25.94114962518215
2024121502,2244,54509,1,77.03357934951782,13.335698303580283
2024121502,2244,54509,2,77.69097089767456,12.885229830443858
2024121502,2244,54509,3,78.31770658493042,12.454150940477847
2024121502,2244,54509,4,78.89949560165405,12.047953747212887
2024121502,2244,54509,5,79.45191621780396,11.654434877634047
2024121502,2244,54509,6,79.99157667160034,11.261668939888477
2024121502,2244,54509,7,80.52819728851318,10.863178178668022
2024121502,2244,54509,8,81.06503248214722,10.457514709234237
2024121502,2244,54509,9,81.60104513168335,10.046479055285452
2024121502,2244,54509,10,82.1330738067627,9.633445113897324
2024121502,2244,54509,11,82.6571774482727,9.222306209802626
2024121502,2244,54509,12,83.16950798034668,8.816755521297454
2024121502,2244,54509,13,83.66678237915039,8.420000156760215
2024121502,2244,54509,14,84.14635419845581,8.034645196795463
2024121502,2244,54509,15,84.60624933242798,7.662671455740928
2024121502,2244,54509,16,85.04519462585449,7.305500608682632
2024121502,2244,54509,17,85.46242475509644,6.964057141542434
2024121502,2244,54509,18,85.8576250076294,6.638877160847187
2024121502,2347,43373,1,115.34398555755615,3.141781216859817
2024121502,2347,43373,2,115.5150032043457,3.0037032082676887
2024121502,2347,43373,3,115.76115846633911,2.8216358721256256
2024121502,2347,43373,4,116.02849960327148,2.6303895980119703
2024121502,2347,43373,5,116.30619049072266,2.434388257563114
2024121502,2347,43373,6,116.60627603530884,2.228493567556143
2024121502,2347,43373,7,116.93560838699341,2.0080644339323044
2024121502,2347,43373,8,117.29482412338257,1.772267310321331
2024121502,2347,43373,9,117.68003940582275,1.5230897620320318
2024121502,2347,44974,1,115.86982011795044,8.377863772213459
2024121502,2347,44974,2,115.65761804580688,7.842588011920451
2024121502,2347,44974,3,115.46934843063354,7.3876162439584725
2024121502,2347,44974,4,115.30827283859253,7.016301715373992
2024121502,2347,44974,5,115.16876935958862,6.70176205933094
2024121502,2347,44974,6,115.04231929779053,6.413548807799816
2024121502,2347,44974,7,114.91928100585938,6.1330253094434735
2024121502,2347,44974,8,114.79450464248657,5.850353413820266
2024121502,2347,44974,9,114.6659803390503,5.561862975358963
2024121502,2347,53465,1,118.29641103744507,3.5760441824793814
2024121502,2347,53465,2,118.17588329315186,3.3574870534241197
2024121502,2347,53465,3,118.07733535766602,3.1076715383678675
2024121502,2347,53465,4,117.99732685089111,2.8528765864670276
2024121502,2347,53465,5,117.93021440505981,2.590451647341251
2024121502,2347,53465,6,117.87134885787964,2.311156825721264
2024121502,2347,53465,7,117.81823396682739,2.009159282594919
2024121502,2347,53465,8,117.76968240737915,1.6840194106101989
2024121502,2347,53465,9,117.72379875183105,1.3376862548291681
2024121502,2347,53518,1,115.3656005859375,6.633296093344688
2024121502,2347,53518,2,114.85442876815796,6.031458140909671
2024121502,2347,53518,3,114.3808364868164,5.487937459349632
2024121502,2347,53518,4,113.9472484588623,4.986130630970001
2024121502,2347,53518,5,113.54266405105591,4.514742089807987
2024121502,2347,53518,6,113.15434455871582,4.059986352920532
2024121502,2347,53518,7,112.77398586273193,3.613049829006195
2024121502,2347,53518,8,112.39795446395874,3.1703155860304832
2024121502,2347,53518,9,112.02574253082275,2.731698641180992
2024121502,2347,54936,1,111.42024993896484,10.757049736380576
2024121502,2347,54936,2,111.35317325592041,10.308435000479221
2024121502,2347,54936,3,111.31165981292725,9.858832240104675
2024121502,2347,54936,4,111.29059553146362,9.442290176451205
2024121502,2347,54936,5,111.28256320953369,9.057554717361926
2024121502,2347,54936,6,111.2804388999939,8.693652755022049
2024121502,2347,54936,7,111.27980947494507,8.33997493982315
2024121502,2347,54936,8,111.27819299697876,7.990989446640015
2024121502,2347,54936,9,111.27438068389893,7.645174527168273
2024121502,2499,44912,1,57.068374156951904,35.0646009683609
2024121502,2499,44912,2,57.193007469177246,35.39393716454506
2024121502,2499,44912,3,57.29813575744629,35.71717683672905
2024121502,2499,44912,4,57.38762855529785,36.04366968274117
2024121502,2499,44912,5,57.47498273849487,36.39144317805767
2024121502,2499,44912,6,57.56215810775757,36.76547397971153
2024121502,2499,44912,7,57.65009880065918,37.16716628968716
2024121502,2499,44912,8,57.73964166641235,37.594304201006885
2024121502,2499,44912,9,57.831294536590576,38.04247178435325
2024121502,2618,41256,1,40.394160747528076,35.212993666529655
2024121502,2618,41256,2,40.2398157119751,35.11775096654892
2024121502,2618,41256,3,39.99308109283447,35.00181376039981
2024121502,2618,41256,4,39.70791578292847,34.88006754219532
2024121502,2618,41256,5,39.3853497505188,34.75143533349037
2024121502,2618,41256,6,39.00986909866333,34.61325486898422
2024121502,2618,41256,7,38.57482194900513,34.46254777908325
2024121502,2618,41256,8,38.08253288269043,34.297129926085475
2024121502,2618,55949,1,44.64009761810303,34.66238764226436
2024121502,2618,55949,2,44.65169906616211,34.94718649089336
2024121502,2618,55949,3,44.63870286941528,35.24667545258998
2024121502,2618,55949,4,44.60305452346802,35.56819481849671
2024121502,2618,55949,5,44.546470642089844,35.92232058048248
2024121502,2618,55949,6,44.47219133377075,36.312564831972125
2024121502,2618,55949,7,44.385530948638916,36.723664024472235
2024121502,2618,55949,8,44.28789138793945,37.1569302290678
2024121502,2724,41256,1,37.65730619430542,40.29890682697296
2024121502,2724,41256,2,37.33202934265137,40.51267195791006
2024121502,2724,41256,3,37.014198303222656,40.75104954093695
2024121502,2724,41256,4,36.716344356536865,40.99175025224685
2024121502,2724,41256,5,36.432881355285645,41.236778733134265
2024121502,2724,41256,6,36.15889549255371,41.4950462654233
2024121502,2724,41256,7,35.88875770568848,41.771694706380366
2024121502,2724,41256,8,35.61568021774292,42.06786774992943
2024121502,2724,41256,9,35.33936262130737,42.38230018466711
2024121502,2724,41256,10,35.06106376647949,42.71183096766472
2024121502,2724,41256,11,34.78280067443848,43.052434137463564
2024121502,2724,41256,12,34.506754875183105,43.39991535544395
2024121502,2724,41256,13,34.235100746154785,43.75023992359638
2024121502,2724,41256,14,33.9697265625,44.09983141571283
2024121502,2724,43395,1,32.43584632873535,24.494616669416427
2024121502,2724,43395,2,32.37391233444214,24.703919011354444
2024121502,2724,43395,3,32.27638006210327,24.966396766901013
2024121502,2724,43395,4,32.16371297836304,25.247685110568998
2024121502,2724,43395,5,32.04367160797119,25.53818019032478
2024121502,2724,43395,6,31.91814422607422,25.840061378479003
2024121502,2724,43395,7,31.790027618408203,26.156245094537734
2024121502,2724,43395,8,31.66393518447876,26.48699184656143
2024121502,2724,43395,9,31.53411626815796,26.82942969202995
2024121502,2724,43395,10,31.401994228363037,27.180200618505477
2024121502,2724,43395,11,31.269149780273438,27.535377943515776
2024121502,2724,43395,12,31.137020587921143,27.89110170006752
2024121502,2724,43395,13,31.00687265396118,28.243874090909955
2024121502,2724,43395,14,30.879700183868408,28.590769165754317
2024121502,2724,43454,1,34.67905282974243,42.08515976667404
2024121502,2724,43454,2,33.7249231338501,41.84172133803367
2024121502,2724,43454,3,32.790048122406006,41.59929873198271
2024121502,2724,43454,4,31.89976930618286,41.3654315918684
2024121502,2724,43454,5,31.03111982345581,41.13806444555521
2024121502,2724,43454,6,30.159544944763184,40.913390539586544
2024121502,2724,43454,7,29.271869659423828,40.68912963420152
2024121502,2724,43454,8,28.36578369140625,40.4648790538311
2024121502,2724,43454,9,27.445943355560303,40.241492597758764
2024121502,2724,43454,10,26.520402431488037,40.020457862317556
2024121502,2724,43454,11,25.59818744659424,39.80342843830585
2024121502,2724,43454,12,24.68785285949707,39.59193878173828
2024121502,2724,43454,13,23.796744346618652,39.38729381561279
2024121502,2724,43454,14,22.930805683135986,39.19047362208366
2024121502,2724,54468,1,31.034510135650635,45.0287277072668
2024121502,2724,54468,2,30.371196269989014,44.8372487232089
2024121502,2724,54468,3,29.66482400894165,44.63805615901947
2024121502,2724,54468,4,28.98324966430664,44.447971051931376
2024121502,2724,54468,5,28.332881927490234,44.266652676463124
2024121502,2724,54468,6,27.69367218017578,44.09410897493362
2024121502,2724,54468,7,27.046937942504883,43.930599661171435
2024121502,2724,54468,8,26.38538360595703,43.77225126624107
2024121502,2724,54468,9,25.709574222564697,43.61693921983242
2024121502,2724,54468,10,25.02432346343994,43.46559674441814
2024121502,2724,54468,11,24.33650493621826,43.31924204528332
2024121502,2724,54468,12,23.653242588043213,43.17877339869737
2024121502,2724,54468,13,22.97912836074829,43.04611840546131
2024121502,2724,54468,14,22.31919765472412,42.92201887816191
2024121502,2724,54540,1,35.11526584625244,23.861880713701247
2024121502,2724,54540,2,34.50837850570679,24.021229046583173
2024121502,2724,54540,3,33.846373558044434,24.168323969841
2024121502,2724,54540,4,33.212950229644775,24.30911269187927
2024121502,2724,54540,5,32.601563930511475,24.436755287647244
2024121502,2724,54540,6,31.984233856201172,24.54995874762535
2024121502,2724,54540,7,31.340346336364746,24.652163684368134
2024121502,2724,54540,8,30.661804676055908,24.745895755290984
2024121502,2724,54540,9,29.950275421142578,24.832746601104734
2024121502,2724,54540,10,29.213004112243652,24.913634353876112
2024121502,2724,54540,11,28.4597110748291,24.989070498943327
2024121502,2724,54540,12,27.7003812789917,25.05933142900467
2024121502,2724,54540,13,26.944162845611572,25.124598228931426
2024121502,2724,54540,14,26.198787689208984,25.18501703739166
2024121502,2724,56032,1,37.26707696914673,32.570004373788834
2024121502,2724,56032,2,36.7988920211792,32.66258480846882
2024121502,2724,56032,3,36.2495756149292,32.76015301942825
2024121502,2724,56032,4,35.70711851119995,32.86047086119652
2024121502,2724,56032,5,35.16894578933716,32.95612179636955
2024121502,2724,56032,6,34.6116042137146,33.05155987739563
2024121502,2724,56032,7,34.01814937591553,33.150351205468176
2024121502,2724,56032,8,33.3830451965332,33.25406677126884
2024121502,2724,56032,9,32.70963907241821,33.36272245943546
2024121502,2724,56032,10,32.00629949569702,33.47535089552402
2024121502,2724,56032,11,31.28345489501953,33.59056852757931
2024121502,2724,56032,12,30.551555156707764,33.706883788108826
2024121502,2724,56032,13,29.82006311416626,33.82292106747627
2024121502,2724,56032,14,29.096989631652832,33.93747313320637
2024121502,2724,57199,1,26.41047477722168,37.25481613278389
2024121502,2724,57199,2,25.89770793914795,37.42263256609439
2024121502,2724,57199,3,25.366315841674805,37.603480756282806
2024121502,2724,57199,4,24.849257469177246,37.78250380158424
2024121502,2724,57199,5,24.337170124053955,37.96187472045421
2024121502,2724,57199,6,23.811542987823486,38.148211053013796
2024121502,2724,57199,7,23.266632556915283,38.348441678285596
2024121502,2724,57199,8,22.69606590270996,38.56284775435924
2024121502,2724,57199,9,22.09843397140503,38.78869871199131
2024121502,2724,57199,10,21.47880792617798,39.02398355603218
2024121502,2724,57199,11,20.843889713287354,39.26610673666
2024121502,2724,57199,12,20.20078182220459,39.51230591535568
2024121502,2724,57199,13,19.55625057220459,39.759944242238994
2024121502,2724,57199,14,18.916375637054443,40.0066159889102
2024121502,2796,42718,1,22.328410148620605,14.86955546736717
2024121502,2796,42718,2,22.124598026275635,14.417780482769011
2024121502,2796,42718,3,21.934211254119873,14.000719785690308
2024121502,2796,42718,4,21.750869750976562,13.596099936962126
2024121502,2796,42718,5,21.563515663146973,13.185297787189484
2024121502,2796,42718,6,21.365253925323486,12.760841202735904
2024121502,2796,42718,7,21.153738498687744,12.322282236814502
2024121502,2796,42718,8,20.93360424041748,11.873760426044463
2024121502,2796,42718,9,20.706710815429688,11.417490088939665
2024121502,2796,54540,1,20.04728078842163,15.499606919288631
2024121502,2796,54540,2,20.089130401611328,15.112409341335294
2024121502,2796,54540,3,20.147995948791504,14.729430723190305
2024121502,2796,54540,4,20.215322971343994,14.377220648527143
2024121502,2796,54540,5,20.284245014190674,14.05161098837852
2024121502,2796,54540,6,20.35085678100586,13.736539196968074
2024121502,2796,54540,7,20.413455963134766,13.419942480325695
2024121502,2796,54540,8,20.47107696533203,13.096007061004642
2024121502,2796,54540,9,20.52332639694214,12.76375126838684
2024121502,2796,57163,1,14.755969047546387,8.861718577146533
2024121502,2796,57163,2,13.899128437042236,8.795883107185361
2024121502,2796,57163,3,13.03659439086914,8.716625118255614
2024121502,2796,57163,4,12.228248119354248,8.633472216129306
2024121502,2796,57163,5,11.469697952270508,8.55055758357048
2024121502,2796,57163,6,10.739314556121826,8.467140996456145
2024121502,2796,57163,7,10.015554428100586,8.382764977216723
2024121502,2796,57163,8,9.287853240966797,8.297442233562471
2024121502,2796,57163,9,8.554351329803467,8.211214065551758
2024121502,2863,41256,1,14.099228382110596,40.52797839492559
2024121502,2863,41256,2,13.90784740447998,40.764052705466746
2024121502,2863,41256,3,13.717947006225586,41.015702697634694
2024121502,2863,41256,4,13.538696765899658,41.264504574239254
2024121502,2863,41256,5,13.369266986846924,41.51534206718206
2024121502,2863,41256,6,13.204729557037354,41.77838928699493
2024121502,2863,41256,7,13.044819831848145,42.05949495732784
2024121502,2863,41256,8,12.888264656066895,42.361190295219416
2024121502,2863,41256,9,12.734735012054443,42.68235861063003
2024121502,2863,41256,10,12.584559917449951,43.01974831819534
2024121502,2863,41256,11,12.438297271728516,43.36917699277401
2024121502,2863,41256,12,12.296605110168457,43.726235853135584
2024121502,2863,41256,13,12.160112857818604,44.0867083221674
2024121502,2863,41256,14,12.02934980392456,44.44680670797825
2024121502,2863,41256,15,11.904737949371338,44.80324209630489
2024121502,2863,44912,1,2.4744057655334473,35.215166684985164
2024121502,2863,44912,2,2.4329209327697754,35.541942277550696
2024121502,2863,44912,3,2.389218807220459,35.85686951875687
2024121502,2863,44912,4,2.336869239807129,36.17334392368794
2024121502,2863,44912,5,2.2788333892822266,36.51416312456131
2024121502,2863,44912,6,2.215912342071533,36.88184642493725
2024121502,2863,44912,7,2.1455812454223633,37.27882417440414
2024121502,2863,44912,8,2.0691990852355957,37.70354126691818
2024121502,2863,44912,9,1.9883251190185547,38.15120689570904
2024121502,2863,44912,10,1.9045114517211914,38.61547355949878
2024121502,2863,44912,11,1.8192458152770996,39.09049253463745
2024121502,2863,44912,12,1.7337656021118164,39.57024195492267
2024121502,2863,44912,13,1.6490507125854492,40.04917411059141
2024121502,2863,44912,14,1.5658879280090332,40.522645922005175
2024121502,2863,44912,15,1.4848637580871582,40.98694514930248
2024121502,2863,54468,1,3.5596275329589844,33.930406057834624
2024121502,2863,54468,2,3.6154747009277344,34.16039337515831
2024121502,2863,54468,3,3.6528825759887695,34.44321617484093
2024121502,2863,54468,4,3.6756491661071777,34.734807294607165
2024121502,2863,54468,5,3.6891889572143555,35.0268066495657
2024121502,2863,54468,6,3.7006330490112305,35.32244040966034
2024121502,2863,54468,7,3.7143301963806152,35.62715859413147
2024121502,2863,54468,8,3.7323832511901855,35.9428197056055
2024121502,2863,54468,9,3.7488269805908203,36.26922042071819
2024121502,2863,54468,10,3.764197826385498,36.603120273351664
2024121502,2863,54468,11,3.7813711166381836,36.94057987332344
2024121502,2863,54468,12,3.8039159774780273,37.27784250378609
2024121502,2863,54468,13,3.8309168815612793,37.61121180951595
2024121502,2863,54468,14,3.8614439964294434,37.9376442939043
2024121502,2863,54468,15,3.894639015197754,38.25475567281246
2024121502,2863,56032,1,9.857239723205566,28.775706061720847
2024121502,2863,56032,2,9.891750812530518,29.291880545020103
2024121502,2863,56032,3,9.909446239471436,29.77776778936386
2024121502,2863,56032,4,9.913866519927979,30.215332376956937
2024121502,2863,56032,5,9.912793636322021,30.612607169151303
2024121502,2863,56032,6,9.917442798614502,30.987654587626455
2024121502,2863,56032,7,9.932520389556885,31.354259321093558
2024121502,2863,56032,8,9.959878921508789,31.71965205669403
2024121502,2863,56032,9,9.99941110610962,32.085974043607706
2024121502,2863,56032,10,10.049951076507568,32.452267438173294
2024121502,2863,56032,11,10.109782218933105,32.816095536947245
2024121502,2863,56032,12,10.177052021026611,33.174537155032155
2024121502,2863,56032,13,10.24998664855957,33.524785476922986
2024121502,2863,56032,14,10.327019691467285,33.86446098387241
2024121502,2863,56032,15,10.406749248504639,34.19170517325401
2024121502,2927,43373,1,50.555927753448486,43.1224202632904
2024121502,2927,43373,2,50.743199586868286,43.398247468471524
2024121502,2927,43373,3,50.95970034599304,43.70673031210899
2024121502,2927,43373,4,51.17997407913208,44.01031433343887
2024121502,2927,43373,5,51.41041159629822,44.30211830735206
2024121502,2927,43373,6,51.642022132873535,44.59052932262421
2024121502,2927,43373,7,51.87899708747864,44.8822665810585
2024121502,2927,43373,8,52.122859954833984,45.1801353096962
2024121502,2927,43373,9,52.372798919677734,45.48370026946068
2024121502,2927,44860,1,43.255455493927,31.39099254608154
2024121502,2927,44860,2,43.35427165031433,31.819550544023514
2024121502,2927,44860,3,43.444862365722656,32.224948740005495
2024121502,2927,44860,4,43.53067874908447,32.623811995983125
2024121502,2927,44860,5,43.61878037452698,33.03314640522003
2024121502,2927,44860,6,43.714306354522705,33.45786349773407
2024121502,2927,44860,7,43.817524909973145,33.89636845588684
2024121502,2927,44860,8,43.92600417137146,34.3458083987236
2024121502,2927,44860,9,44.03940796852112,34.805309671163556
2024121502,2927,53465,1,50.372886657714844,35.02873027920723
2024121502,2927,53465,2,50.262651443481445,35.283824855089186
2024121502,2927,53465,3,50.15138626098633,35.546442395448686
2024121502,2927,53465,4,50.04530668258667,35.80131776332855
2024121502,2927,53465,5,49.94522452354431,36.05594533085823
2024121502,2927,53465,6,49.850499629974365,36.32231164574623
2024121502,2927,53465,7,49.7589898109436,36.60748854875565
2024121502,2927,53465,8,49.67167854309082,36.913553750514986
2024121502,2927,53465,9,49.58837628364563,37.23950016498566
2024121502,3042,44912,1,76.84052467346191,16.273732036352158
2024121502,3042,44912,2,76.69843196868896,15.798905265331264
2024121502,3042,44912,3,76.57368779182434,15.34642500281334
2024121502,3042,44912,4,76.45813822746277,14.907081335783005
2024121502,3042,44912,5,76.33967757225037,14.466133320331572
2024121502,3042,44912,6,76.21608138084412,14.016915762424468
2024121502,3042,44912,7,76.08823299407959,13.557751244306566
2024121502,3042,44912,8,75.95533490180969,13.088109219074248
2024121502,3042,44912,9,75.81793069839478,12.610477221012118
2024121502,3042,44912,10,75.67722916603088,12.128953486680984
2024121502,3042,55043,1,73.78210544586182,23.24651937484741
2024121502,3042,55043,2,73.63279938697815,22.911077123880386
2024121502,3042,55043,3,73.48769545555115,22.56059847474098
2024121502,3042,55043,4,73.36676359176636,22.232154995203018
2024121502,3042,55043,5,73.2556664943695,21.925095415115354
2024121502,3042,55043,6,73.141268491745,21.62581930756569
2024121502,3042,55043,7,73.01483988761902,21.323957180976866
2024121502,3042,55043,8,72.8727650642395,21.01469916701317
2024121502,3042,55043,9,72.71504759788513,20.697606849670407
2024121502,3042,55043,10,72.5438117980957,20.3748437166214
2024121502,3042,57163,1,74.08082127571106,6.97594202756882
2024121502,3042,57163,2,73.88136506080627,6.880827993154526
2024121502,3042,57163,3,73.60645294189453,6.730114549398422
2024121502,3042,57163,4,73.30736875534058,6.561702442169192
2024121502,3042,57163,5,72.98105120658875,6.387108033895494
2024121502,3042,57163,6,72.63854026794434,6.197874343395235
2024121502,3042,57163,7,72.27386713027954,5.990656065940854
2024121502,3042,57163,8,71.88608407974243,5.765380132198331
2024121502,3042,57163,9,71.47828102111816,5.524553138017652
2024121502,3042,57163,10,71.05414509773254,5.272282850742343
2024121502,3089,41256,1,65.51917433738708,20.754918622970578
2024121502,3089,41256,2,65.45462250709534,20.945219761133195
2024121502,3089,41256,3,65.36304473876953,21.16304579973221
2024121502,3089,41256,4,65.25856375694275,21.386447346210478
2024121502,3089,41256,5,65.14021754264832,21.61899844408035
2024121502,3089,41256,6,65.00669360160828,21.87015680670738
2024121502,3089,41256,7,64.86053466796875,22.14563137292862
2024121502,3089,46192,1,67.40630865097046,25.90664660334587
2024121502,3089,46192,2,67.12404727935791,26.12773534655571
2024121502,3089,46192,3,66.81095480918884,26.357217532396316
2024121502,3089,46192,4,66.46968483924866,26.592945557832717
2024121502,3089,46192,5,66.08655452728271,26.85079770684242
2024121502,3089,46192,6,65.65851330757141,27.135763344168662
2024121502,3089,46192,7,65.18661260604858,27.447134014964103
2024121502,3089,56032,1,62.939597368240356,27.250178802013394
2024121502,3089,56032,2,62.333829402923584,27.217510455846785
2024121502,3089,56032,3,61.67357683181763,27.18058184981346
2024121502,3089,56032,4,61.04199171066284,27.151576501131057
2024121502,3089,56032,5,60.43697476387024,27.123706904053687
2024121502,3089,56032,6,59.82856035232544,27.09631066918373
2024121502,3089,56032,7,59.19480085372925,27.068963676691055
2024121502,3156,43454,1,64.31899309158325,14.624001204967499
2024121502,3156,43454,2,65.49440145492554,14.70787844657898
2024121502,3156,43454,3,66.61096572875977,14.789611262083053
2024121502,3156,43454,4,67.66584634780884,14.857128915190696
2024121502,3156,43454,5,68.68389129638672,14.913233456015586
2024121502,3156,43454,6,69.69299554824829,14.960490253567695
2024121502,3156,43454,7,70.70905208587646,15.00081499516964
2024121502,3156,43454,8,71.73605918884277,15.035586467385292
2024121502,3156,43454,9,72.77024030685425,15.065787929296492
2024121502,3156,43454,10,73.80394220352173,15.092115128040312
2024121502,3156,43454,11,74.8283314704895,15.115111318230628
2024121502,3156,43454,12,75.83493232727051,15.135189500451087
2024121502,3156,43454,13,76.81647062301636,15.152672132849693
2024121502,3156,54468,1,63.32237005233765,14.68942049741745
2024121502,3156,54468,2,64.16458368301392,14.545885321497916
2024121502,3156,54468,3,64.97861623764038,14.38915636539459
2024121502,3156,54468,4,65.72378396987915,14.232495713233947
2024121502,3156,54468,5,66.41487121582031,14.079696616530418
2024121502,3156,54468,6,67.07292079925537,13.9247229129076
2024121502,3156,54468,7,67.71954774856567,13.764381790161131
2024121502,3156,54468,8,68.36548805236816,13.597756704688072
2024121502,3156,54468,9,69.01315212249756,13.425684776902198
2024121502,3156,54468,10,69.65962886810303,13.24942565858364
2024121502,3156,54468,11,70.29889583587646,13.069103249907492
2024121502,3156,54468,12,70.9288501739502,12.88859816789627
2024121502,3156,54468,13,71.54535055160522,12.710496431589126
2024121502,3156,57199,1,75.53638458251953,26.130942454934118
2024121502,3156,57199,2,75.75287103652954,25.70303731560707
2024121502,3156,57199,3,75.98463535308838,25.29383316040039
2024121502,3156,57199,4,76.2141466140747,24.916560304164886
2024121502,3156,57199,5,76.44409418106079,24.561689552664756
2024121502,3156,57199,6,76.68275356292725,24.21523607075214
2024121502,3156,57199,7,76.93573951721191,23.867494344711304
2024121502,3156,57199,8,77.20556259155273,23.514660003781316
2024121502,3156,57199,9,77.49022722244263,23.155714842677114
2024121502,3156,57199,10,77.78715133666992,22.791937574744225
2024121502,3156,57199,11,78.0929446220398,22.425817322731017
2024121502,3156,57199,12,78.40406656265259,22.06025144457817
2024121502,3156,57199,13,78.71704816818237,21.698148417472837
2024121502,3244,41256,1,79.22430038452148,35.73718512654305
2024121502,3244,41256,2,79.46081399917603,36.165349185466766
2024121502,3244,41256,3,79.67753648757935,36.586250787973405
2024121502,3244,41256,4,79.87340211868286,36.982248455286026
2024121502,3244,41256,5,80.05785942077637,37.35982629656792
2024121502,3244,41256,6,80.24107933044434,37.73116147518158
2024121502,3244,41256,7,80.42125225067139,38.10531776547432
2024121502,3244,41256,8,80.60483694076538,38.48570083379745
2024121502,3244,41256,9,80.79684019088745,38.871951687335965
2024121502,3244,41256,10,80.9961748123169,39.26245326995849
2024121502,3244,41256,11,81.20093107223511,39.65448613166809
2024121502,3244,41256,12,81.40891313552856,40.04500042200088
2024121502,3244,43395,1,79.93231058120728,47.59472733736038
2024121502,3244,43395,2,80.11401414871216,47.69129640460014
2024121502,3244,43395,3,80.36515474319458,47.8506796836853
2024121502,3244,43395,4,80.63957691192627,48.03911278843879
2024121502,3244,43395,5,80.92658042907715,48.24542246460914
2024121502,3244,43395,6,81.22923374176025,48.469316434860225
2024121502,3244,43395,7,81.55104160308838,48.711652469635006
2024121502,3244,43395,8,81.88985824584961,48.971915906667704
2024121502,3244,43395,9,82.2404408454895,49.247765350341794
2024121502,3244,43395,10,82.60228157043457,49.53430197834968
2024121502,3244,43395,11,82.97181129455566,49.82719881534576
2024121502,3244,43395,12,83.34450244903564,50.12269755601883
2024121502,3244,57163,1,84.89676475524902,39.699458718299866
2024121502,3244,57163,2,85.3021788597107,39.997028815746305
2024121502,3244,57163,3,85.74021577835083,40.31229757666588
2024121502,3244,57163,4,86.16324663162231,40.61618022918701
2024121502,3244,57163,5,86.55936241149902,40.90812398791313
2024121502,3244,57163,6,86.94439172744751,41.192887890338895
2024121502,3244,57163,7,87.3361587524414,41.47343283295631
2024121502,3244,57163,8,87.73949861526489,41.75271018147468
2024121502,3244,57163,9,88.15281629562378,42.031838214397425
2024121502,3244,57163,10,88.56951713562012,42.311607986688614
2024121502,3244,57163,11,88.98618936538696,42.58942077159881
2024121502,3244,57163,12,89.39905643463135,42.86270643472671
2024121502,3244,57304,1,78.73821973800659,36.70477242469787
2024121502,3244,57304,2,78.96504163742065,37.1995566546917
2024121502,3244,57304,3,79.19636249542236,37.67916470170021
2024121502,3244,57304,4,79.40814256668091,38.13670580983162
2024121502,3244,57304,5,79.60981607437134,38.580922883749004
2024121502,3244,57304,6,79.81043100357056,39.02283033132553
2024121502,3244,57304,7,80.01504421234131,39.46863586902618
2024121502,3244,57304,8,80.22520065307617,39.91966109871864
2024121502,3244,57304,9,80.44019937515259,40.37399668693542
2024121502,3244,57304,10,80.65824508666992,40.82814801335334
2024121502,3244,57304,11,80.8771276473999,41.27815980315208
2024121502,3244,57304,12,81.09469413757324,41.72031187415123
2024121502,3267,44912,1,83.00920486450195,29.618600541353224
2024121502,3267,44912,2,83.03102016448975,30.0455160677433
2024121502,3267,44912,3,83.0454683303833,30.453929167985915
2024121502,3267,44912,4,83.05461645126343,30.853828102350235
2024121502,3267,44912,5,83.068106174469,31.263499265909193
2024121502,3267,44912,6,83.08624505996704,31.68911542892456
2024121502,3267,44912,7,83.10845375061035,32.13244296312332
2024121502,3267,44912,8,83.13523292541504,32.59306886792183
2024121502,3267,44912,9,83.16638231277466,33.06747310757637
2024121502,3267,44912,10,83.20132255554199,33.550591659545894
2024121502,3267,44912,11,83.23933124542236,34.03696338534355
2024121502,3267,44912,12,83.27967882156372,34.521428954601284
2024121502,3267,52411,1,84.82709884643555,45.60269844532013
2024121502,3267,52411,2,85.06087303161621,45.70909057259559
2024121502,3267,52411,3,85.38322448730469,45.87164442539215
2024121502,3267,52411,4,85.73097467422485,46.05148394107818
2024121502,3267,52411,5,86.10000371932983,46.23655903339386
2024121502,3267,52411,6,86.47883176803589,46.43352218866348
2024121502,3267,52411,7,86.87194347381592,46.6457854270935
2024121502,3267,52411,8,87.28001832962036,46.873691856861115
2024121502,3267,52411,9,87.70044565200806,47.1151161134243
2024121502,3267,52411,10,88.13037872314453,47.36635707616806
2024121502,3267,52411,11,88.56870889663696,47.62293210029602
2024121502,3267,52411,12,89.00907039642334,47.88130526542663
2024121502,3267,56032,1,90.00085115432739,27.93976269960403
2024121502,3267,56032,2,90.42381763458252,28.241488218307495
2024121502,3267,56032,3,90.88393449783325,28.545710802078247
2024121502,3267,56032,4,91.30690813064575,28.833492785692215
2024121502,3267,56032,5,91.70943260192871,29.100052893161774
2024121502,3267,56032,6,92.11797952651978,29.352494734525678
2024121502,3267,56032,7,92.54846334457397,29.59890041351318
2024121502,3267,56032,8,93.00707817077637,29.843638205528258
2024121502,3267,56032,9,93.49270820617676,30.087997943162918
2024121502,3267,56032,10,93.99991035461426,30.33135694861412
2024121502,3267,56032,11,94.52153205871582,30.572158527374267
2024121502,3267,56032,12,95.05013465881348,30.808566415309905
2024121502,3267,57163,1,87.37547636032104,31.386900663375854
2024121502,3267,57163,2,87.43223190307617,31.52076368331909
2024121502,3267,57163,3,87.559654712677,31.724881279468534
2024121502,3267,57163,4,87.71442174911499,31.952053838968276
2024121502,3267,57163,5,87.8769850730896,32.1926203250885
2024121502,3267,57163,6,88.06156396865845,32.445055812597275
2024121502,3267,57163,7,88.2736873626709,32.71150790452957
2024121502,3267,57163,8,88.51309061050415,32.99194483160972
2024121502,3267,57163,9,88.77631902694702,33.28398389816284
2024121502,3267,57163,10,89.05423164367676,33.58556963205337
2024121502,3267,57163,11,89.34109926223755,33.89269592761993
2024121502,3267,57163,12,89.6326732635498,34.20106122493744
2024121502,3324,41256,1,90.59005737304688,37.309259140491484
2024121502,3324,41256,2,90.68537950515747,37.465513145923616
2024121502,3324,41256,3,90.85957288742065,37.661380261182785
2024121502,3324,41256,4,91.0716462135315,37.86934511661529
2024121502,3324,41256,5,91.318838596344,38.08769217133522
2024121502,3324,41256,6,91.60387516021729,38.322759395837785
2024121502,3324,41256,7,91.9275712966919,38.578625965118405
2024121502,3324,41256,8,92.29607105255127,38.85298225283623
2024121502,3324,41256,9,92.70475387573242,39.143941164016724
2024121502,3324,41256,10,93.14674615859985,39.448236817121504
2024121502,3324,41256,11,93.61429452896118,39.761996537446976
2024121502,3324,41256,12,94.09973859786987,40.081315881013865
2024121502,3324,41256,13,94.59597587585449,40.40254138112068
2024121502,3324,56032,1,92.0303463935852,31.687031364440916
2024121502,3324,56032,2,92.18215227127075,32.08281300067902
2024121502,3324,56032,3,92.33454465866089,32.47672660350799
2024121502,3324,56032,4,92.46766805648804,32.84060235619545
2024121502,3324,56032,5,92.59577751159668,33.176886492967604
2024121502,3324,56032,6,92.73043155670166,33.50039620399475
2024121502,3324,56032,7,92.87911176681519,33.82215225100517
2024121502,3324,56032,8,93.044593334198,34.14744421839714
2024121502,3324,56032,9,93.22616815567017,34.477139407396315
2024121502,3324,56032,10,93.42126131057739,34.809480977058406
2024121502,3324,56032,11,93.62638235092163,35.14153026938438
2024121502,3324,56032,12,93.83796215057373,35.47004364132881
2024121502,3324,56032,13,94.05271053314209,35.79202525019645
2024121502,3324,57163,1,95.7311224937439,46.59589177966117
2024121502,3324,57163,2,95.97057580947876,46.71727582812309
2024121502,3324,57163,3,96.33549213409424,46.874695765972135
2024121502,3324,57163,4,96.74350261688232,47.03905729055404
2024121502,3324,57163,5,97.17418670654297,47.20525825619697
2024121502,3324,57163,6,97.62903213500977,47.37650100588798
2024121502,3324,57163,7,98.11327457427979,47.55630239844322
2024121502,3324,57163,8,98.62675666809082,47.74560598134994
2024121502,3324,57163,9,99.16474342346191,47.94326170682907
2024121502,3324,57163,10,99.7199821472168,48.146966302394866
2024121502,3324,57163,11,100.28522729873657,48.353790640830994
2024121502,3324,57163,12,100.85657358169556,48.55998277068138
2024121502,3324,57163,13,101.42646789550781,48.763445919752115
2024121502,3324,57304,1,89.61562156677246,39.69761292338371
2024121502,3324,57304,2,89.82954025268555,40.01730714440345
2024121502,3324,57304,3,90.07502317428589,40.36699791550636
2024121502,3324,57304,4,90.3220009803772,40.72044699192047
2024121502,3324,57304,5,90.5755090713501,41.07875041365623
2024121502,3324,57304,6,90.8432936668396,41.44823662042617
2024121502,3324,57304,7,91.1290454864502,41.832136547565455
2024121502,3324,57304,8,91.43226385116577,42.22974491715431
2024121502,3324,57304,9,91.7498517036438,42.63775772452354
2024121502,3324,57304,10,92.07751035690308,43.05167644023895
2024121502,3324,57304,11,92.41071224212646,43.466776973009104
2024121502,3324,57304,12,92.74524450302124,43.8787323474884
2024121502,3324,57304,13,93.07750940322876,44.283841443061824
2024121502,3349,41256,1,98.85272026062012,19.29911221563816
2024121502,3349,41256,2,99.52239274978638,18.845635986328123
2024121502,3349,41256,3,100.14914989471436,18.417271780967713
2024121502,3349,41256,4,100.72246313095093,18.024886280298233
2024121502,3349,41256,5,101.26230955123901,17.659914487600325
2024121502,3349,41256,6,101.79096937179565,17.309340530633925
2024121502,3349,41256,7,102.31867790222168,16.96263289451599
2024121502,3349,41256,8,102.85878896713257,16.617691630125044
2024121502,3349,41256,9,103.4141206741333,16.273744744062423
2024121502,3349,41256,10,103.98209810256958,15.931321194767952
2024121502,3349,41256,11,104.55820798873901,15.591960203647613
2024121502,3349,41256,12,105.1371431350708,15.25762352347374
2024121502,3349,41256,13,105.71371793746948,14.930309441685676
2024121502,3349,41256,14,106.28319025039673,14.611862164735793
2024121502,3349,41256,15,106.84142589569092,14.30385268330574
2024121502,3349,43395,1,93.61857175827026,17.81003861129284
2024121502,3349,43395,2,93.87752294540405,18.192869502305985
2024121502,3349,43395,3,94.11262035369873,18.584054124355315
2024121502,3349,43395,4,94.3138861656189,18.960083213448524
2024121502,3349,43395,5,94.48973894119263,19.32087416946888
2024121502,3349,43395,6,94.64808225631714,19.67377999126911
2024121502,3349,43395,7,94.7950029373169,20.025334030389786
2024121502,3349,43395,8,94.934241771698,20.37855754494667
2024121502,3349,43395,9,95.06783723831177,20.73345212340355
2024121502,3349,43395,10,95.19674062728882,21.08769066631794
2024121502,3349,43395,11,95.32019376754761,21.438818997144697
2024121502,3349,43395,12,95.43820381164551,21.78424950838089
2024121502,3349,43395,13,95.55064916610718,22.121623331308363
2024121502,3349,43395,14,95.65743684768677,22.44897712469101
2024121502,3349,43395,15,95.75853824615479,22.764808201789855
2024121502,3349,43454,1,99.6598219871521,10.760096409916876
2024121502,3349,43454,2,100.4365611076355,10.284829634428023
2024121502,3349,43454,3,101.15564346313477,9.846613776683807
2024121502,3349,43454,4,101.81721925735474,9.442800073325634
2024121502,3349,43454,5,102.44610786437988,9.060143913328647
2024121502,3349,43454,6,103.06534051895142,8.685897874832152
2024121502,3349,43454,7,103.68797779083252,8.312629535794258
2024121502,3349,43454,8,104.31823253631592,7.9377751156687735
2024121502,3349,43454,9,104.95453834533691,7.561966028809547
2024121502,3349,43454,10,105.5924391746521,7.18748489767313
2024121502,3349,43454,11,106.22644186019897,6.817210018634796
2024121502,3349,43454,12,106.85111045837402,6.453982359170913
2024121502,3349,43454,13,107.46170282363892,6.100298587232828
2024121502,3349,43454,14,108.05434226989746,5.758166123926639
2024121502,3349,43454,15,108.62608194351196,5.429117042571306
2024121502,3349,54468,1,98.97524356842041,11.41462608873844
2024121502,3349,54468,2,99.58021402359009,10.981958734989165
2024121502,3349,54468,3,100.15709638595581,10.575398577749729
2024121502,3349,54468,4,100.68314552307129,10.210321152210234
2024121502,3349,54468,5,101.16865396499634,9.879433821141719
2024121502,3349,54468,6,101.63071632385254,9.570618194341659
2024121502,3349,54468,7,102.08162069320679,9.272731198370456
2024121502,3349,54468,8,102.52873420715332,8.980123461782933
2024121502,3349,54468,9,102.97394514083862,8.69095316082239
2024121502,3349,54468,10,103.41588735580444,8.405649974942207
2024121502,3349,54468,11,103.85452508926392,8.126091468334197
2024121502,3349,54468,12,104.28865671157837,7.854386326670646
2024121502,3349,54468,13,104.71278190612793,7.591356579959392
2024121502,3349,54468,14,105.12225866317749,7.337668588757515
2024121502,3349,54468,15,105.51491975784302,7.094540704786777
2024121502,3381,43294,1,97.5503933429718,17.048597377538677
2024121502,3381,43294,2,97.82689154148102,17.300969326496123
2024121502,3381,43294,3,98.10502231121063,17.58201622366905
2024121502,3381,43294,4,98.36024343967438,17.858386683464047
2024121502,3381,43294,5,98.59619557857513,18.127065801620482
2024121502,3381,43294,6,98.82705330848694,18.39557336568832
2024121502,3381,43294,7,99.06274437904358,18.67062857747078
2024121502,3381,43294,8,99.307581782341,18.954674494266506
2024121502,3381,43294,9,99.56185698509216,19.24682475328445
2024121502,3381,43294,10,99.82136964797974,19.545125544071198
2024121502,3381,44860,1,90.62869906425476,12.00529158115387
2024121502,3381,44860,2,90.4280573129654,11.600303208827974
2024121502,3381,44860,3,90.23411571979523,11.20192602276802
2024121502,3381,44860,4,90.0475287437439,10.808822536468504
2024121502,3381,44860,5,89.86135482788086,10.414854925870898
2024121502,3381,44860,6,89.67480540275574,10.021973824501039
2024121502,3381,44860,7,89.48540925979614,9.623494976758955
2024121502,3381,44860,8,89.29042339324951,9.214748299121858
2024121502,3381,44860,9,89.08975481987,8.795876753330234
2024121502,3381,44860,10,88.88467311859131,8.369558489322664
2024121502,3381,52435,1,85.55972456932068,8.378152078390123
2024121502,3381,52435,2,85.43307781219482,8.07154044508934
2024121502,3381,52435,3,85.30822277069092,7.758933949470517
2024121502,3381,52435,4,85.1964282989502,7.475345510244367
2024121502,3381,52435,5,85.08321404457092,7.212918585538866
2024121502,3381,52435,6,84.96528267860413,6.955539798736574
2024121502,3381,52435,7,84.8357105255127,6.692614096403119
2024121502,3381,52435,8,84.69175100326538,6.419471395015719
2024121502,3381,52435,9,84.53370451927185,6.135797178745271
2024121502,3381,52435,10,84.3636167049408,5.843758112192155
2024121502,3515,43373,1,68.40165853500366,44.665755790472026
2024121502,3515,43373,2,68.08955311775208,44.800874491035934
2024121502,3515,43373,3,67.64276504516602,44.95448370426893
2024121502,3515,43373,4,67.1558690071106,45.10525989234447
2024121502,3515,43373,5,66.65377378463745,45.2539115101099
2024121502,3515,43373,6,66.12755298614502,45.40236536413431
2024121502,3515,43373,7,65.56976079940796,45.554614058136934
2024121502,3515,43373,8,64.97989296913147,45.7121745750308
2024121502,3515,43373,9,64.36305642127991,45.87467918545008
2024121502,3515,43373,10,63.72738003730774,46.04063791036606
2024121502,3515,43373,11,63.07900071144104,46.20694927424192
2024121502,3515,43373,12,62.42599368095398,46.371425962448114
2024121502,3515,43373,13,61.77704930305481,46.53331424891948
2024121502,3515,54936,1,70.85712432861328,37.50557579100132
2024121502,3515,54936,2,70.23204445838928,37.25969271659851
2024121502,3515,54936,3,69.61772561073303,36.9919412612915
2024121502,3515,54936,4,69.05600309371948,36.7294762134552
2024121502,3515,54936,5,68.53687763214111,36.47698830664157
2024121502,3515,54936,6,68.04588675498962,36.22710865736008
2024121502,3515,54936,7,67.5666332244873,35.97430782318115
2024121502,3515,54936,8,67.09072709083557,35.71646520495415
2024121502,3515,54936,9,66.61590099334717,35.454120880365366
2024121502,3515,54936,10,66.14351749420166,35.18936367928981
2024121502,3515,54936,11,65.677649974823,34.92426337003708
2024121502,3515,54936,12,65.22371292114258,34.66034487783909
2024121502,3515,54936,13,64.7843885421753,34.40039913356304
2024121502,3515,56070,1,70.13934373855591,44.739243684709066
2024121502,3515,56070,2,69.58750605583191,44.87337197810411
2024121502,3515,56070,3,68.95606398582458,45.0173193603754
2024121502,3515,56070,4,68.29589009284973,45.15815097093582
2024121502,3515,56070,5,67.60465621948242,45.29842264801263
2024121502,3515,56070,6,66.86932325363159,45.44189110845327
2024121502,3515,56070,7,66.08441591262817,45.590574495494366
2024121502,3515,56070,8,65.2534568309784,45.74465309977531
2024121502,3515,56070,9,64.38579797744751,45.90309044867754
2024121502,3515,56070,10,63.493348360061646,46.0642575725913
2024121502,3515,56070,11,62.58829951286316,46.22634918242693
2024121502,3515,56070,12,61.68183088302612,46.38768786042928
2024121502,3515,56070,13,60.78352332115173,46.546794746816154
2024121502,3540,40166,1,64.41661834716797,44.73782756924629
2024121502,3540,40166,2,64.38939213752747,44.99432714134454
2024121502,3540,40166,3,64.34498190879822,45.280671565234655
2024121502,3540,40166,4,64.29664850234985,45.57032714188099
2024121502,3540,40166,5,64.24698114395142,45.85972856432199
2024121502,3540,40166,6,64.19567227363586,46.15484925061464
2024121502,3540,40166,7,64.14504289627075,46.46075242906809
2024121502,3540,40166,8,64.09883737564087,46.77893919795751
2024121502,3540,40166,9,64.05556797981262,47.108110988140105
2024121502,3540,46206,1,68.22343826293945,38.422313186526296
2024121502,3540,46206,2,67.95019268989563,38.85926303863525
2024121502,3540,46206,3,67.67488718032837,39.27096902430057
2024121502,3540,46206,4,67.39413142204285,39.6682279318571
2024121502,3540,46206,5,67.10201740264893,40.07126646488905
2024121502,3540,46206,6,66.79418921470642,40.48535514622927
2024121502,3540,46206,7,66.46919846534729,40.914534233510494
2024121502,3540,46206,8,66.1285936832428,41.358987194299694
2024121502,3540,46206,9,65.77585101127625,41.81573407053947
2024121502,3540,52435,1,67.21076846122742,35.50574277639389
2024121502,3540,52435,2,67.13304877281189,35.93798442184925
2024121502,3540,52435,3,67.03666806221008,36.352811738848686
2024121502,3540,52435,4,66.93695068359375,36.73213689029217
2024121502,3540,52435,5,66.84223294258118,37.07807094454765
2024121502,3540,52435,6,66.74731492996216,37.407732775807375
2024121502,3540,52435,7,66.65101647377014,37.73396511375904
2024121502,3540,52435,8,66.55309796333313,38.06306462883949
2024121502,3540,52435,9,66.45400285720825,38.39654830396175
2024121502,3705,44912,1,14.235519468784332,37.89996752142906
2024121502,3705,44912,2,14.402064979076385,38.30464137792587
2024121502,3705,44912,3,14.560663104057312,38.69805302619934
2024121502,3705,44912,4,14.713810980319977,39.07888086438179
2024121502,3705,44912,5,14.87587720155716,39.462920576334
2024121502,3746,41256,1,25.95124840736389,13.9086063593626
2024121502,3746,41256,2,25.951416492462158,13.746243122220038
2024121502,3746,41256,3,25.973705649375916,13.55017268359661
2024121502,3746,41256,4,26.008776426315308,13.345689740777015
2024121502,3746,41256,5,26.0557222366333,13.131541790068148
2024121502,3746,41256,6,26.111544370651245,12.899390985071658
2024121502,3746,41256,7,26.17962956428528,12.644720529019832
2024121502,3746,41256,8,26.26100778579712,12.366118277609347
2024121502,3746,41256,9,26.354176998138428,12.065337100625037
2024121502,3746,41256,10,26.457098722457886,11.746044760942459
2024121502,3746,41256,11,26.567552089691162,11.412758055329322
2024121502,3746,45900,1,21.301880478858948,8.044774830341339
2024121502,3746,45900,2,21.711142659187317,8.009380680322646
2024121502,3746,45900,3,22.244446277618408,7.949438410997391
2024121502,3746,45900,4,22.84167766571045,7.876338896155357
2024121502,3746,45900,5,23.502384424209595,7.792256742715836
2024121502,3746,45900,6,24.233708381652832,7.697570005059242
2024121502,3746,45900,7,25.0353741645813,7.593052265048026
2024121502,3746,45900,8,25.899032950401306,7.480236390233039
2024121502,3746,45900,9,26.811379194259644,7.361108754575252
2024121502,3746,45900,10,27.75730848312378,7.237785986065864
2024121502,3746,45900,11,28.72198462486267,7.112247310578823
2024121502,3746,54468,1,27.67065167427063,6.4779141545295715
2024121502,3746,54468,2,27.94102370738983,6.530001470446586
2024121502,3746,54468,3,28.3680921792984,6.586568651348352
2024121502,3746,54468,4,28.849480748176575,6.640256741642951
2024121502,3746,54468,5,29.359429478645325,6.6940389484167095
2024121502,3746,54468,6,29.902929067611694,6.7474907547235485
2024121502,3746,54468,7,30.487918853759766,6.802838392555714
2024121502,3746,54468,8,31.11499786376953,6.8611151576042175
2024121502,3746,54468,9,31.778393983840942,6.9223901480436325
2024121502,3746,54468,10,32.472134828567505,6.98346737474203
2024121502,3746,54468,11,33.18518042564392,7.045319771766662
2024121502,3897,43395,1,33.879432678222656,12.191705748438835
2024121502,3897,43395,2,33.74531865119934,11.84628397375345
2024121502,3897,43395,3,33.53850960731506,11.469430471956729
2024121502,3897,43395,4,33.29654574394226,11.094664211571216
2024121502,3897,43395,5,33.03014516830444,10.731394457817077
2024121502,3897,43395,6,32.73902177810669,10.377614186704157
2024121502,3897,43395,7,32.428282499313354,10.028443637490271
2024121502,3897,43395,8,32.09855318069458,9.681947267055511
2024121502,3897,43395,9,31.749672889709473,9.339085301756858
2024121502,3897,43395,10,31.383790969848633,9.001859205961226
2024121502,3897,43395,11,31.006168127059937,8.671884447336197
2024121502,3897,43395,12,30.622018575668335,8.350875772535801
2024121502,3897,43395,13,30.236016511917114,8.040374785661697
2024121502,3897,43395,14,29.852088689804077,7.741616517305374
2024121502,3897,43395,15,29.473453760147095,7.45549130141735
2024121502,3897,43395,16,29.102615118026733,7.182548746466637
2024121502,3897,43395,17,28.74145746231079,6.923045389354229
2024121502,3897,43395,18,28.391348719596863,6.677010616660118
2024121502,3897,43395,19,28.053181171417236,6.444253812730312
2024121502,3897,43395,20,27.72750735282898,6.224431075155735
2024121502,3897,43395,21,27.41459012031555,6.017084926366806
2024121502,3897,43395,22,27.11448311805725,5.821676082909107
2024121502,3897,43395,23,26.827025413513184,5.637628726661205
2024121502,3897,43454,1,37.331682443618774,8.790186876058579
2024121502,3897,43454,2,38.002299070358276,8.33650970607996
2024121502,3897,43454,3,38.63851547241211,7.904705682396888
2024121502,3897,43454,4,39.23434853553772,7.495777125656605
2024121502,3897,43454,5,39.805262088775635,7.096770113706588
2024121502,3897,43454,6,40.366222858428955,6.696155576407909
2024121502,3897,43454,7,40.92556357383728,6.288108219951391
2024121502,3897,43454,8,41.485480070114136,5.871802837401628
2024121502,3897,43454,9,42.04427719116211,5.449535950273275
2024121502,3897,43454,10,42.59828567504883,5.025109546631574
2024121502,3897,43454,11,43.14326047897339,4.602727495878935
2024121502,3897,43454,12,43.67514252662659,4.186334350705146
2024121502,3897,43454,13,44.19049143791199,3.7793242610991
2024121502,3897,43454,14,44.686574935913086,3.3844218395650385
2024121502,3897,43454,15,45.1613974571228,3.0037016198039055
2024121502,3897,43454,16,45.61366081237793,2.638636901974678
2024121502,3897,43454,17,46.04262828826904,2.290193869173527
2024121502,3897,43454,18,46.44803524017334,1.9588792413473128
2024121502,3897,43454,19,46.83000326156616,1.6448907822370529
2024121502,3897,43454,20,47.188957929611206,1.3481395378708838
2024121502,3897,43454,21,47.52552151679993,1.0683260828256607
2024121502,3897,43454,22,47.839826345443726,0.8043027520179749
2024121502,3897,43454,23,48.132838010787964,0.5555302619934082
2024121502,3897,54468,1,37.93231129646301,10.087947490811347
2024121502,3897,54468,2,38.50672245025635,9.679666233062743
2024121502,3897,54468,3,39.061163663864136,9.284424674510955
2024121502,3897,54468,4,39.57067251205444,8.919521979987621
2024121502,3897,54468,5,40.04071354866028,8.580990961194038
2024121502,3897,54468,6,40.48673629760742,8.259180906414985
2024121502,3897,54468,7,40.91544985771179,7.943806512653827
2024121502,3897,54468,8,41.3334596157074,7.6300761789083476
2024121502,3897,54468,9,41.74306869506836,7.316897836327552
2024121502,3897,54468,10,42.14386224746704,7.00537070184946
2024121502,3897,54468,11,42.53957390785217,6.698130831122398
2024121502,3897,54468,12,42.927035093307495,6.397445359081029
2024121502,3897,54468,13,43.30141067504883,6.104681555926799
2024121502,3897,54468,14,43.65942120552063,5.821269039064646
2024121502,3897,54468,15,43.9997398853302,5.548784358799457
2024121502,3897,54468,16,44.32154417037964,5.288350956141948
2024121502,3897,54468,17,44.62445139884949,5.040693964809179
2024121502,3897,54468,18,44.908483028411865,4.806194218993187
2024121502,3897,54468,19,45.17392873764038,4.5849414668977255
2024121502,3897,54468,20,45.421282052993774,4.376806645840406
2024121502,3897,54468,21,45.65126895904541,4.18149152174592
2024121502,3897,54468,22,45.864644050598145,3.9985791228711602
2024121502,3897,54468,23,46.062272787094116,3.8275551840662954
2024121502,3897,54540,1,39.70017671585083,20.33220617175102
2024121502,3897,54540,2,39.808266162872314,19.817636036872862
2024121502,3897,54540,3,39.91774320602417,19.325350460410117
2024121502,3897,54540,4,40.02585768699646,18.881953033804894
2024121502,3897,54540,5,40.12322187423706,18.482637065649033
2024121502,3897,54540,6,40.203917026519775,18.11005653142929
2024121502,3897,54540,7,40.26645541191101,17.750161468982697
2024121502,3897,54540,8,40.31099081039429,17.395036563277245
2024121502,3897,54540,9,40.338746309280396,17.041738390922546
2024121502,3897,54540,10,40.35146355628967,16.690463921427725
2024121502,3897,54540,11,40.351102352142334,16.343004941940308
2024121502,3897,54540,12,40.339611768722534,16.001723498106003
2024121502,3897,54540,13,40.318790674209595,15.668965750932692
2024121502,3897,54540,14,40.290294885635376,15.346777641773222
2024121502,3897,54540,15,40.25555491447449,15.036736515164375
2024121502,3897,54540,16,40.215829610824585,14.739965415000915
2024121502,3897,54540,17,40.172181129455566,14.457180738449097
2024121502,3897,54540,18,40.12550354003906,14.188739889860152
2024121502,3897,54540,19,40.07659435272217,13.934677815437317
2024121502,3897,54540,20,40.0260865688324,13.694826138019561
2024121502,3897,54540,21,39.974509477615356,13.468806803226471
2024121502,3897,54540,22,39.922345876693726,13.25613691806793
2024121502,3897,54540,23,39.869935512542725,13.056236693263052
2024121502,3897,57199,1,55.344929695129395,25.07713810801506
2024121502,3897,57199,2,55.76810359954834,24.71398987174034
2024121502,3897,57199,3,56.25413775444031,24.357835641503332
2024121502,3897,57199,4,56.75052881240845,24.026227942109106
2024121502,3897,57199,5,57.2566294670105,23.71759419441223
2024121502,3897,57199,6,57.78374433517456,23.423185139894485
2024121502,3897,57199,7,58.341346979141235,23.136623096466064
2024121502,3897,57199,8,58.936944007873535,22.857776221632957
2024121502,3897,57199,9,59.56876516342163,22.585789921879766
2024121502,3897,57199,10,60.23066282272339,22.320527589321134
2024121502,3897,57199,11,60.91469049453735,22.06252294778824
2024121502,3897,57199,12,61.612515449523926,21.812600409984586
2024121502,3897,57199,13,62.31614112854004,21.571639984846115
2024121502,3897,57199,14,63.018364906311035,21.340432727336882
2024121502,3897,57199,15,63.71299982070923,21.119637849926946
2024121502,3897,57199,16,64.39484596252441,20.909739834070205
2024121502,3897,57199,17,65.05971908569336,20.711045253276822
2024121502,3897,57199,18,65.70430755615234,20.52370660007
2024121502,3897,57199,19,66.32611513137817,20.34773340523243
2024121502,3897,57199,20,66.92333936691284,20.18300176858902
2024121502,3897,57199,21,67.49477863311768,20.029305189847946
2024121502,3897,57199,22,68.03973197937012,19.886340272426605
2024121502,3897,57199,23,68.55787754058838,19.753748023509978
2025010515,92,53518,1,56.04274392127991,16.409717243909835
2025010515,92,53518,2,56.213600635528564,15.949119931459427
2025010515,92,53518,3,56.402878761291504,15.496628549695014
2025010515,92,53518,4,56.60065770149231,15.064051738381385
2025010515,92,53518,5,56.806697845458984,14.641050186753272
2025010515,92,53518,6,57.02286958694458,14.216455405950546
2025010515,92,53518,7,57.24969148635864,13.784355133771896
2025010515,92,53518,8,57.4858832359314,13.343872538208961
2025010515,92,53518,9,57.728941440582275,12.897396668791771
2025010515,92,53518,10,57.97584772109985,12.44884308874607
2025010515,92,53518,11,58.223605155944824,12.00255306959152
2025010515,92,57267,1,58.03882598876953,8.305875387787818
2025010515,92,57267,2,58.53223443031311,8.255355091392994
2025010515,92,57267,3,59.10722494125366,8.178986518085003
2025010515,92,57267,4,59.684486389160156,8.092975175380706
2025010515,92,57267,5,60.25686264038086,8.004655000567436
2025010515,92,57267,6,60.83579063415527,7.910216857492923
2025010515,92,57267,7,61.435511112213135,7.808582179248333
2025010515,92,57267,8,62.061030864715576,7.699891544878483
2025010515,92,57267,9,62.709975242614746,7.585139332711696
2025010515,92,57267,10,63.375041484832764,7.463023002445698
2025010515,92,57267,11,64.05190229415894,7.3382412299513815
2025010515,92,57362,1,57.34257459640503,21.222546476125714
2025010515,92,57362,2,57.45663285255432,20.72930623292923
2025010515,92,57362,3,57.5877320766449,20.25052895247936
2025010515,92,57362,4,57.71799087524414,19.81200334429741
2025010515,92,57362,5,57.841551303863525,19.412822395563126
2025010515,92,57362,6,57.96307325363159,19.03698392212391
2025010515,92,57362,7,58.08441638946533,18.671254432201383
2025010515,92,57362,8,58.20634961128235,18.308585911989212
2025010515,92,57362,9,58.328644037246704,17.946671912074088
2025010515,92,57362,10,58.45054507255554,17.58608904480934
2025010515,92,57362,11,58.571051359176636,17.228837186098097
2025010515,161,46206,1,73.48113298416138,34.107503885030745
2025010515,161,46206,2,73.82853269577026,34.729301679134366
2025010515,161,46206,3,74.15082693099976,35.30280064344406
2025010515,161,46206,4,74.44882392883301,35.837919145822525
2025010515,161,46206,5,74.73623514175415,36.351577502489086
2025010515,161,46206,6,75.02107858657837,36.85571460723877
2025010515,161,46206,7,75.30871868133545,37.35790425539017
2025010515,161,46206,8,75.60084342956543,37.86070069670677
2025010515,161,46206,9,75.8966588973999,38.363169914484025
2025010515,161,46206,10,76.19295358657837,38.86260516643524
2025010515,161,54500,1,70.72262048721313,30.391207087039945
2025010515,161,54500,2,71.05741739273071,30.8722542822361
2025010515,161,54500,3,71.3744044303894,31.344377487897873
2025010515,161,54500,4,71.6590690612793,31.779190856218335
2025010515,161,54500,5,71.91646099090576,32.17848935127258
2025010515,161,54500,6,72.1548843383789,32.55266788005829
2025010515,161,54500,7,72.38637685775757,32.91139701008797
2025010515,161,54500,8,72.61580228805542,33.26050322651863
2025010515,161,54500,9,72.84024953842163,33.60348750352859
2025010515,161,54500,10,73.05746555328369,33.94075013399124
2025010515,161,55137,1,68.1378722190857,37.95980495214462
2025010515,161,55137,2,68.25637578964233,38.42537097930908
2025010515,161,55137,3,68.34131240844727,38.87306361198425
2025010515,161,55137,4,68.3984112739563,39.282486975193024
2025010515,161,55137,5,68.43928098678589,39.65940719246864
2025010515,161,55137,6,68.46781969070435,40.016179335117336
2025010515,161,55137,7,68.4889554977417,40.36395759582519
2025010515,161,55137,8,68.50579261779785,40.70842549800872
2025010515,161,55137,9,68.51973295211792,41.05112702846527
2025010515,161,55137,10,68.52485418319702,41.39206854104995
2025010515,208,44860,1,75.31301736831665,42.274777865409845
2025010515,208,44860,2,75.40421962738037,42.727734667062755
2025010515,208,44860,3,75.4845643043518,43.15746495127678
2025010515,208,44860,4,75.56225538253784,43.57493864893913
2025010515,208,44860,5,75.63807964324951,43.98914328813552
2025010515,208,44860,6,75.71289539337158,44.40107960104942
2025010515,208,44860,7,75.79042911529541,44.817956036329264
2025010515,208,44860,8,75.87198972702026,45.244604700803755
2025010515,238,44872,1,90.30820369720459,47.37538272738456
2025010515,238,44872,2,90.79931259155273,47.6677236020565
2025010515,238,44872,3,91.31650686264038,47.98627095222473
2025010515,238,44872,4,91.80651426315308,48.29649792909622
2025010515,238,44872,5,92.26104497909546,48.595068758726114
2025010515,238,44872,6,92.69412517547607,48.88622146248817
2025010515,238,44872,7,93.12092542648315,49.17447680830955
2025010515,238,44872,8,93.54736089706421,49.462659084796904
2025010515,238,44872,9,93.97445440292358,49.75091125369072
2025010515,238,44872,10,94.39739227294922,50.03941122293472
2025010515,238,44872,11,94.8123836517334,50.32642121315002
2025010515,238,44872,12,95.21699666976929,50.60919318199157
2025010515,238,44872,13,95.6093430519104,50.88526818752288
2025010515,238,44872,14,95.99101781845093,51.152136456966396
2025010515,238,44872,15,96.35985374450684,51.40842555761337
2025010515,238,44872,16,96.71420574188232,51.65319511890411
2025010515,238,53518,1,89.42182302474976,47.71093934774399
2025010515,238,53518,2,90.02850294113159,48.1178434073925
2025010515,238,53518,3,90.63865900039673,48.52770200967788
2025010515,238,53518,4,91.22183561325073,48.91909313201904
2025010515,238,53518,5,91.78632974624634,49.2981927216053
2025010515,238,53518,6,92.34543085098267,49.67434094548225
2025010515,238,53518,7,92.90712833404541,50.05305294990539
2025010515,238,53518,8,93.47348928451538,50.43566622138023
2025010515,238,53518,9,94.04248237609863,50.8207161962986
2025010515,238,53518,10,94.61013078689575,51.20535952448844
2025010515,238,53518,11,95.17176389694214,51.586346209049225
2025010515,238,53518,12,95.72301149368286,51.96058827638626
2025010515,238,53518,13,96.26006841659546,52.32542981505394
2025010515,238,53518,14,96.77990913391113,52.67876769900322
2025010515,238,53518,15,97.28032350540161,53.019035702943796
2025010515,238,53518,16,97.7597451210022,53.3
2025010515,238,57362,1,89.50188875198364,34.05289885401726
2025010515,238,57362,2,89.70698833465576,34.53622390627861
2025010515,238,57362,3,89.88260507583618,35.00928430557251
2025010515,238,57362,4,90.0316071510315,35.44473305940628
2025010515,238,57362,5,90.15618324279785,35.84317378401756
2025010515,238,57362,6,90.26902198791504,36.21983667016029
2025010515,238,57362,7,90.3770399093628,36.58691158890724
2025010515,238,57362,8,90.48390626907349,36.95076192617416
2025010515,238,57362,9,90.59110879898071,37.31329066157341
2025010515,238,57362,10,90.69877624511719,37.673741686344144
2025010515,238,57362,11,90.8063793182373,38.0300627052784
2025010515,238,57362,12,90.91315984725952,38.37978842258453
2025010515,238,57362,13,91.01825952529907,38.720542496442796
2025010515,238,57362,14,91.12095594406128,39.050307577848436
2025010515,238,57362,15,91.22060537338257,39.36751108765602
2025010515,238,57362,16,91.31672859191895,39.671028393507
2025010515,358,43366,1,110.3160810470581,37.926923751831055
2025010515,358,43366,2,110.24853944778442,38.28091608285904
2025010515,358,43366,3,110.15952587127686,38.63703377842903
2025010515,358,43366,4,110.06032705307007,38.97671405076981
2025010515,358,43366,5,109.94992017745972,39.30733690261841
2025010515,358,43366,6,109.82443571090698,39.641428959369655
2025010515,358,43366,7,109.68688488006592,39.98744720220566
2025010515,358,43366,8,109.53490734100342,40.34781244993209
2025010515,358,43366,9,109.36747312545776,40.72162880897522
2025010515,358,43366,10,109.18726444244385,41.1062594294548
2025010515,358,43366,11,108.9972996711731,41.49798095226288
2025010515,358,44872,1,110.22161722183228,43.57084358930587
2025010515,358,44872,2,110.39772748947144,43.930119150877
2025010515,358,44872,3,110.57825803756714,44.308821624517435
2025010515,358,44872,4,110.75073480606079,44.66834498643875
2025010515,358,44872,5,110.92849016189575,45.00521050095558
2025010515,358,44872,6,111.10424995422363,45.33002910614013
2025010515,358,44872,7,111.27484560012817,45.651734322309494
2025010515,358,44872,8,111.44207239151001,45.97453240156173
2025010515,358,44872,9,111.60647392272949,46.29894118309021
2025010515,358,44872,10,111.77282094955444,46.62353104948997
2025010515,358,44872,11,111.94129228591919,46.94575728178024
2025010515,358,53518,1,114.25092458724976,42.03613659739494
2025010515,358,53518,2,114.60290193557739,42.540435725450514
2025010515,358,53518,3,114.94995832443237,43.02103815078735
2025010515,358,53518,4,115.26628732681274,43.47727989554405
2025010515,358,53518,5,115.56301832199097,43.91735743284225
2025010515,358,53518,6,115.85182428359985,44.35262510180473
2025010515,358,53518,7,116.13960027694702,44.78990694284439
2025010515,358,53518,8,116.42893552780151,45.231067812442774
2025010515,358,53518,9,116.7195725440979,45.67467491626739
2025010515,358,53518,10,117.00983047485352,46.117633926868436
2025010515,358,53518,11,117.29745626449585,46.5563104391098
2025010515,524,44872,1,31.90857768058777,37.77761133313179
2025010515,524,44872,2,32.101489305496216,37.608227086067195
2025010515,524,44872,3,32.348971366882324,37.3977746963501
2025010515,524,44872,4,32.61383771896362,37.179443526268
2025010515,524,44872,5,32.89443612098694,36.95941269993782
2025010515,524,44872,6,33.179601430892944,36.728726458549495
2025010515,524,44872,7,33.47192645072937,36.48178705573082
2025010515,524,44872,8,33.77171874046326,36.217288774251934
2025010515,524,44872,9,34.081828594207764,35.93742051720619
2025010515,524,44872,10,34.40100431442261,35.64606131315231
2025010515,524,54572,1,27.743343114852905,40.73823778629303
2025010515,524,54572,2,28.1003075838089,41.34555514454841
2025010515,524,54572,3,28.41976225376129,41.89349890351295
2025010515,524,54572,4,28.716155290603638,42.40716043710708
2025010515,524,54572,5,29.005138278007507,42.90830487608909
2025010515,524,54572,6,29.294351935386658,43.4018088042736
2025010515,524,54572,7,29.583674669265747,43.890194702148435
2025010515,524,54572,8,29.873968362808228,44.376448881626125
2025010515,524,54572,9,30.16583561897278,44.86183258295059
2025010515,524,54572,10,30.45816421508789,45.344938427209854
2025010515,524,57362,1,29.74196434020996,38.9884369134903
2025010515,524,57362,2,29.729334712028503,39.549815899133684
2025010515,524,57362,3,29.69435691833496,40.081782889366146
2025010515,524,57362,4,29.64691400527954,40.56708399057388
2025010515,524,57362,5,29.59354341030121,41.012298619747156
2025010515,524,57362,6,29.5405375957489,41.42948321700096
2025010515,524,57362,7,29.490115642547607,41.831837916374205
2025010515,524,57362,8,29.440945386886597,42.226529866456985
2025010515,524,57362,9,29.39333438873291,42.616545379161835
2025010515,524,57362,10,29.347699284553528,43.00190669298172
2025010515,578,44872,1,32.89173245429993,42.99275714159012
2025010515,578,44872,2,32.99549460411072,43.28746482729912
2025010515,578,44872,3,33.115689754486084,43.61093641519546
2025010515,578,44872,4,33.23845624923706,43.92971568107605
2025010515,578,44872,5,33.362592458724976,44.240368366241455
2025010515,578,44872,6,33.4948468208313,44.548870271444315
2025010515,578,44872,7,33.63953232765198,44.86185799837112
2025010515,578,44872,8,33.79786133766174,45.18185720443725
2025010515,578,44872,9,33.968610763549805,45.50810225009918
2025010515,578,44872,10,34.149030447006226,45.838016647100446
2025010515,578,53518,1,27.26929485797882,42.141261130571365
2025010515,578,53518,2,27.55344271659851,42.51430867314338
2025010515,578,53518,3,27.841116786003113,42.914846169948575
2025010515,578,53518,4,28.12506079673767,43.315904682874674
2025010515,578,53518,5,28.412445187568665,43.72074691653251
2025010515,578,53518,6,28.710983991622925,44.13539950251579
2025010515,578,53518,7,29.0239816904068,44.56241986751556
2025010515,578,53518,8,29.35083031654358,45.00061666369438
2025010515,578,53518,9,29.68847930431366,45.44639996290206
2025010515,578,53518,10,30.032830238342285,45.895137804746625
2025010515,578,57362,1,25.829604864120483,37.91596335172653
2025010515,578,57362,2,25.914915204048157,38.29181929826736
2025010515,578,57362,3,25.986961126327515,38.684843361377716
2025010515,578,57362,4,26.04658842086792,39.06377139687538
2025010515,578,57362,5,26.099714040756226,39.42671630978584
2025010515,578,57362,6,26.150425672531128,39.78147428035736
2025010515,578,57362,7,26.204792261123657,40.13627037405968
2025010515,578,57362,8,26.264914870262146,40.495638066530226
2025010515,578,57362,9,26.329625844955444,40.859895050525665
2025010515,578,57362,10,26.39839231967926,41.22728766202926
2025010515,603,44872,1,37.26635813713074,50.46902713775634
2025010515,603,44872,2,38.01403999328613,50.80429465770721
2025010515,603,44872,3,38.757426738739014,51.13121321201324
2025010515,603,44872,4,39.44931149482727,51.431111997365946
2025010515,603,44872,5,40.08984446525574,51.70678671002388
2025010515,603,44872,6,40.694754123687744,51.965931868553156
2025010515,603,44872,7,41.28101706504822,52.215892529487604
2025010515,603,44872,8,41.857380867004395,52.46102426052093
2025010515,603,44872,9,42.42647409439087,52.70284245610237
2025010515,603,44872,10,42.98970937728882,52.940991300344464
2025010515,603,44872,11,43.543946743011475,53.17564234733581
2025010515,603,44872,12,44.085291624069214,53.3
2025010515,603,44872,13,44.61014270782471,53.3
2025010515,603,47849,1,36.80001139640808,51.4590594291687
2025010515,603,47849,2,37.575355768203735,51.809353816509244
2025010515,603,47849,3,38.354376554489136,52.15297030210495
2025010515,603,47849,4,39.109697341918945,52.4802001953125
2025010515,603,47849,5,39.85379934310913,52.7986077606678
2025010515,603,47849,6,40.601627826690674,53.11618297100067
2025010515,603,47849,7,41.36093616485596,53.3
2025010515,603,47849,8,42.13204264640808,53.3
2025010515,603,47849,9,42.91053056716919,53.3
2025010515,603,47849,10,43.689773082733154,53.3
2025010515,603,47849,11,44.46258544921875,53.3
2025010515,603,47849,12,45.222344398498535,53.3
2025010515,603,47849,13,45.96341371536255,53.3
2025010515,603,57362,1,36.17772459983826,37.694086730480194
2025010515,603,57362,2,36.31250023841858,38.27700528502464
2025010515,603,57362,3,36.41875863075256,38.832421177625655
2025010515,603,57362,4,36.50131344795227,39.341002804040905
2025010515,603,57362,5,36.56586527824402,39.80758544802666
2025010515,603,57362,6,36.62430167198181,40.242961132526396
2025010515,603,57362,7,36.68206214904785,40.65982486009597
2025010515,603,57362,8,36.74064517021179,41.065791726112366
2025010515,603,57362,9,36.80123805999756,41.46416573524475
2025010515,603,57362,10,36.864012479782104,41.85530270338058
2025010515,603,57362,11,36.92853927612305,42.238014459609985
2025010515,603,57362,12,36.99421048164368,42.61052510142326
2025010515,603,57362,13,37.060346603393555,42.971014249324796
2025010515,704,45719,1,39.66394543647766,20.575029864907265
2025010515,704,45719,2,39.68130826950073,20.19973464608192
2025010515,704,45719,3,39.71126675605774,19.82860279083252
2025010515,704,45719,4,39.75647807121277,19.45474354326725
2025010515,704,45719,5,39.81620907783508,19.06556038558483
2025010515,704,45719,6,39.88606810569763,18.657817617058754
2025010515,704,45719,7,39.963626861572266,18.23593434393406
2025010515,797,43383,1,78.90943765640259,27.226629826426503
2025010515,797,43383,2,78.80225658416748,26.845498591661453
2025010515,797,43383,3,78.70069026947021,26.474010920524595
2025010515,797,43383,4,78.60419869422913,26.107523733377455
2025010515,797,43383,5,78.49929571151733,25.730311238765715
2025010515,797,43383,6,78.38457226753235,25.33707114458084
2025010515,797,43383,7,78.25989246368408,24.92572574019432
2025010515,797,47788,1,76.84469819068909,29.76944106221199
2025010515,797,47788,2,76.77497148513794,29.35401330590248
2025010515,797,47788,3,76.72991394996643,28.950533974170682
2025010515,797,47788,4,76.7095148563385,28.5846106916666
2025010515,797,47788,5,76.69824242591858,28.24877132475376
2025010515,797,47788,6,76.68754577636719,27.925607898831366
2025010515,797,47788,7,76.67221784591675,27.602649384737013
2025010515,797,48268,1,75.69364070892334,29.758717343211174
2025010515,797,48268,2,75.72989702224731,29.573338854312894
2025010515,797,48268,3,75.75228095054626,29.372950971126556
2025010515,797,48268,4,75.78190326690674,29.184285950660705
2025010515,797,48268,5,75.81196904182434,28.998570707440376
2025010515,797,48268,6,75.83717107772827,28.799172437191007
2025010515,797,48268,7,75.85466980934143,28.575313413143157
2025010515,886,52991,1,60.683770179748535,17.719404044747353
2025010515,886,52991,2,61.10003471374512,17.48441624343395
2025010515,886,52991,3,61.579484939575195,17.239759463071824
2025010515,886,52991,4,62.04161882400513,17.013557454943655
2025010515,886,52991,5,62.494003772735596,16.803232142329215
2025010515,886,52991,6,62.96211004257202,16.599959608912467
2025010515,886,52991,7,63.463497161865234,16.397174733877183
2025010515,886,52991,8,63.9959192276001,16.189689594507218
2025010515,886,52991,9,64.55838918685913,15.979645439982413
2025010515,886,52991,10,65.14578580856323,15.769957101345062
2025010515,886,52991,11,65.75013399124146,15.562151092290877
2025010515,886,52991,12,66.36310815811157,15.357896888256072
2025010515,886,52991,13,66.9770336151123,15.158732122182846
2025010515,886,52991,14,67.58530855178833,14.965930742025375
2025010515,886,52991,15,68.18255424499512,14.780488714575768
2025010515,886,52991,16,68.7645936012268,14.60311608314514
2025010515,886,52991,17,69.32831525802612,14.434254440665244
2025010515,886,52991,18,69.87150192260742,14.274127760529517
2025010515,886,53074,1,64.55504179000854,14.107551917433739
2025010515,886,53074,2,65.07015466690063,13.713792395591735
2025010515,886,53074,3,65.58736324310303,13.325848239660262
2025010515,886,53074,4,66.0964035987854,12.954495587944983
2025010515,886,53074,5,66.61129474639893,12.591178180277346
2025010515,886,53074,6,67.14577674865723,12.226504224538802
2025010515,886,53074,7,67.70593643188477,11.855535981059074
2025010515,886,53074,8,68.29083681106567,11.477588821947574
2025010515,886,53074,9,68.89522075653076,11.09474919438362
2025010515,886,53074,10,69.51181411743164,10.710394966602324
2025010515,886,53074,11,70.13299226760864,10.328266176581382
2025010515,886,53074,12,70.7516884803772,9.95185585618019
2025010515,886,53074,13,71.36180877685547,9.584167790412902
2025010515,886,53074,14,71.95841789245605,9.227611678838729
2025010515,886,53074,15,72.537682056427,8.883999958634377
2025010515,886,53074,16,73.09675455093384,8.554634375870227
2025010515,886,53074,17,73.63367557525635,8.240325841307639
2025010515,886,53074,18,74.14717197418213,7.941538980603218
2025010515,886,54468,1,58.06528687477112,11.706741401553153
2025010515,886,54468,2,58.3716344833374,11.950198891758918
2025010515,886,54468,3,58.66509675979614,12.238088096678256
2025010515,886,54468,4,58.926615715026855,12.530823704600333
2025010515,886,54468,5,59.164273738861084,12.820331554114818
2025010515,886,54468,6,59.38202977180481,13.110716235637664
2025010515,886,54468,7,59.58786964416504,13.407463508844375
2025010515,886,54468,8,59.786531925201416,13.712596282362938
2025010515,886,54468,9,59.980119466781616,14.025151947140692
2025010515,886,54468,10,60.168750286102295,14.34251589179039
2025010515,886,54468,11,60.3471565246582,14.662559574842453
2025010515,886,54468,12,60.515806674957275,14.981561225652694
2025010515,886,54468,13,60.67862033843994,15.296264493465422
2025010515,886,54468,14,60.835819244384766,15.603945162892341
2025010515,886,54468,15,60.986759662628174,15.902457219362258
2025010515,886,54468,16,61.130948066711426,16.190247145295142
2025010515,886,54468,17,61.26809120178223,16.466226842999458
2025010515,886,54468,18,61.398024559020996,16.72975298464298
2025010515,886,57199,1,71.4301586151123,14.159030851721763
2025010515,886,57199,2,71.50017499923706,13.775285005569458
2025010515,886,57199,3,71.58726453781128,13.384208399057387
2025010515,886,57199,4,71.68064832687378,13.0103983938694
2025010515,886,57199,5,71.7794394493103,12.650290477275847
2025010515,886,57199,6,71.8856692314148,12.292922660708427
2025010515,886,57199,7,71.99739933013916,11.930192984640598
2025010515,886,57199,8,72.11380004882812,11.55880618095398
2025010515,886,57199,9,72.23830461502075,11.179147452116013
2025010515,886,57199,10,72.3693037033081,10.793126925826073
2025010515,886,57199,11,72.50500202178955,10.403726148605346
2025010515,886,57199,12,72.64351844787598,10.01427136361599
2025010515,886,57199,13,72.78314352035522,9.62801733314991
2025010515,886,57199,14,72.92236089706421,9.247891595959663
2025010515,886,57199,15,73.05988311767578,8.87641980946064
2025010515,886,57199,16,73.19465160369873,8.515693186223507
2025010515,886,57199,17,73.32581520080566,8.167327988147735
2025010515,886,57199,18,73.45271587371826,7.83256718814373
2025010515,1056,48268,1,65.68827152252197,20.80576852560043
2025010515,1056,48268,2,66.00162506103516,20.462596809864042
2025010515,1056,48268,3,66.3003158569336,20.138948902487755
2025010515,1056,48268,4,66.55910968780518,19.857531893253327
2025010515,1056,48268,5,66.8012809753418,19.605258429050444
2025010515,1056,48268,6,67.05520391464233,19.363978722691535
2025010515,1056,48268,7,67.33885288238525,19.121161383390426
2025010515,1056,48268,8,67.65916585922241,18.870762306451798
2025010515,1056,48268,9,68.01549911499023,18.611362993717194
2025010515,1056,48268,10,68.40303897857666,18.344229450821874
2025010515,1056,48268,11,68.81515502929688,18.07184603512287
2025010515,1056,48268,12,69.2448878288269,17.79706562757492
2025010515,1056,48268,13,69.6857500076294,17.522648978233338
2025010515,1056,52991,1,63.95500659942627,15.88164516687393
2025010515,1056,52991,2,64.11288499832153,15.47368636727333
2025010515,1056,52991,3,64.2828369140625,15.07286294698715
2025010515,1056,52991,4,64.44427013397217,14.713439658284187
2025010515,1056,52991,5,64.59986686706543,14.384692782163619
2025010515,1056,52991,6,64.75687265396118,14.068258088827132
2025010515,1056,52991,7,64.92024421691895,13.751195952296257
2025010515,1056,52991,8,65.08883714675903,13.427409848570823
2025010515,1056,52991,9,65.26617765426636,13.097358843684196
2025010515,1056,52991,10,65.45311689376831,12.764090405404566
2025010515,1056,52991,11,65.64143657684326,12.430731424689291
2025010515,1056,52991,12,65.82904100418091,12.100248357653618
2025010515,1056,52991,13,66.01409912109375,11.775449608266353
2025010515,1056,53074,1,59.55089092254639,14.17899625301361
2025010515,1056,53074,2,59.678324460983276,13.642408421635627
2025010515,1056,53074,3,59.81307864189148,13.126660440862178
2025010515,1056,53074,4,59.95364427566528,12.641989959776401
2025010515,1056,53074,5,60.09834051132202,12.176572453975677
2025010515,1056,53074,6,60.24749994277954,11.717471474409102
2025010515,1056,53074,7,60.40108680725098,11.257249039411544
2025010515,1056,53074,8,60.558249950408936,10.793841734528542
2025010515,1056,53074,9,60.717501640319824,10.328683942556381
2025010515,1056,53074,10,60.8771538734436,9.86500501036644
2025010515,1056,53074,11,61.03553295135498,9.406564831733704
2025010515,1056,53074,12,61.19117259979248,8.956981927156448
2025010515,1056,53074,13,61.34284973144531,8.519377627968789
2025010515,1056,54468,1,68.16747665405273,13.749245318770408
2025010515,1056,54468,2,68.35574626922607,13.547898003458975
2025010515,1056,54468,3,68.6231517791748,13.312413807213305
2025010515,1056,54468,4,68.91484022140503,13.075919348001479
2025010515,1056,54468,5,69.2140531539917,12.840547138452528
2025010515,1056,54468,6,69.53691959381104,12.60520908087492
2025010515,1056,54468,7,69.89105701446533,12.365018266439437
2025010515,1056,54468,8,70.27760982513428,12.118136048316956
2025010515,1056,54468,9,70.69027662277222,11.863619673252105
2025010515,1056,54468,10,71.12143993377686,11.602961502969265
2025010515,1056,54468,11,71.5666937828064,11.340011973679065
2025010515,1056,54468,12,72.02209711074829,11.078597694635391
2025010515,1056,54468,13,72.48090505599976,10.821425408124924
2025010515,1086,46095,1,73.39578151702881,42.13780781030655
2025010515,1086,46095,2,73.66743564605713,42.6218444943428
2025010515,1086,46095,3,73.93970489501953,43.0964425265789
2025010515,1086,46095,4,74.19271945953369,43.55182332396507
2025010515,1086,46095,5,74.43650722503662,43.996285021305084
2025010515,1086,46095,6,74.68058824539185,44.44018757939338
2025010515,1086,46095,7,74.93005514144897,44.88919863700866
2025010515,1086,46095,8,75.18613815307617,45.344210910797116
2025010515,1086,46095,9,75.44767141342163,45.8030259668827
2025010515,1086,46095,10,75.71230888366699,46.26193950772285
2025010515,1086,46095,11,75.97732543945312,46.71684694290161
2025010515,1086,46095,12,76.24011754989624,47.163910543918604
2025010515,1086,46095,13,76.49838209152222,47.59982312917709
2025010515,1086,52991,1,74.78299856185913,41.02425339818001
2025010515,1086,52991,2,75.18748998641968,41.46147805452347
2025010515,1086,52991,3,75.5797791481018,41.88841264247894
2025010515,1086,52991,4,75.92855215072632,42.27224267721176
2025010515,1086,52991,5,76.24752759933472,42.62157445549965
2025010515,1086,52991,6,76.55646800994873,42.952540415525434
2025010515,1086,52991,7,76.8687629699707,43.27699685096741
2025010515,1086,52991,8,77.18513488769531,43.6016121327877
2025010515,1086,52991,9,77.50433921813965,43.92788894772529
2025010515,1086,52991,10,77.82105445861816,44.2545628786087
2025010515,1086,52991,11,78.13710451126099,44.578285443782804
2025010515,1086,52991,12,78.45269680023193,44.89515855312347
2025010515,1086,52991,13,78.7659502029419,45.20258983373642
2025010515,1086,54468,1,78.37562084197998,45.030727583169934
2025010515,1086,54468,2,78.81062507629395,45.36186827421188
2025010515,1086,54468,3,79.27342414855957,45.70292415618896
2025010515,1086,54468,4,79.71834182739258,46.02475644946098
2025010515,1086,54468,5,80.1395845413208,46.326504206657404
2025010515,1086,54468,6,80.54542779922485,46.615852415561676
2025010515,1086,54468,7,80.95169305801392,46.89797946810722
2025010515,1086,54468,8,81.36343002319336,47.17682157754898
2025010515,1086,54468,9,81.7809247970581,47.4533985376358
2025010515,1086,54468,10,82.19802618026733,47.72903195023537
2025010515,1086,54468,11,82.61112928390503,48.002196890115734
2025010515,1086,54468,12,83.02230834960938,48.26973549127578
2025010515,1086,54468,13,83.4276008605957,48.5297130048275
2025010515,1215,43366,1,68.78528594970703,13.493183368444441
2025010515,1215,43366,2,68.49504947662354,13.202278465032578
2025010515,1215,43366,3,68.18282961845398,12.883924907445909
2025010515,1215,43366,4,67.87778735160828,12.568208199739459
2025010515,1215,43366,5,67.58065581321716,12.256376874446872
2025010515,1215,43366,6,67.28334546089172,11.940920674800871
2025010515,1215,43366,7,66.97506308555603,11.617182224988937
2025010515,1215,43366,8,66.656334400177,11.2827565908432
2025010515,1215,43366,9,66.3293194770813,10.937923341989517
2025010515,1215,43366,10,65.99578142166138,10.58503975868225
2025010515,1215,43366,11,65.65842747688293,10.22736854553223
2025010515,1215,43366,12,65.32022953033447,9.868356668949126
2025010515,1215,43366,13,64.98413801193237,9.511339902877808
2025010515,1215,43366,14,64.65281009674072,9.159295028448106
2025010515,1215,43366,15,64.32850241661072,8.814776295423506
2025010515,1215,43366,16,64.01313185691833,8.479874122142789
2025010515,1215,43366,17,63.70819330215454,8.15624368786812
2025010515,1215,43366,18,63.414859771728516,7.845130348205565
2025010515,1215,43366,19,63.13392877578735,7.547426819801331
2025010515,1215,43366,20,62.865986824035645,7.263730365037915
2025010515,1215,43366,21,62.61130928993225,6.994352322816852
2025010515,1215,43366,22,62.370028495788574,6.7394197702407865
2025010515,1215,43366,23,62.14211583137512,6.498850107192993
2025010515,1215,43366,24,61.92736744880676,6.272443187236789
2025010515,1215,47849,1,69.51559782028198,13.17336842417717
2025010515,1215,47849,2,68.96185398101807,12.76483142375946
2025010515,1215,47849,3,68.42973947525024,12.357571548223497
2025010515,1215,47849,4,67.93271541595459,11.965513271093371
2025010515,1215,47849,5,67.45480298995972,11.580126541852948
2025010515,1215,47849,6,66.97977662086487,11.191432631015779
2025010515,1215,47849,7,66.49856686592102,10.79416736960411
2025010515,1215,47849,8,66.00875616073608,10.387749379873277
2025010515,1215,47849,9,65.5121898651123,9.974596303701404
2025010515,1215,47849,10,65.01284122467041,9.558552223443982
2025010515,1215,47849,11,64.51536655426025,9.143855160474779
2025010515,1215,47849,12,64.0242612361908,8.73443815112114
2025010515,1215,47849,13,63.54347348213196,8.333687800168988
2025010515,1215,47849,14,63.076186180114746,7.94433944225311
2025010515,1215,47849,15,62.62485980987549,7.568467611074446
2025010515,1215,47849,16,62.191264629364014,7.207546401023862
2025010515,1215,47849,17,61.776570081710815,6.86255112886429
2025010515,1215,47849,18,61.38145565986633,6.534031403064731
2025010515,1215,47849,19,61.006200313568115,6.2221969008445726
2025010515,1215,47849,20,60.650750398635864,5.926987260580063
2025010515,1215,47849,21,60.314834117889404,5.6481324434280396
2025010515,1215,47849,22,59.99794006347656,5.385203564167021
2025010515,1215,47849,23,59.699463844299316,5.137663722038269
2025010515,1215,47849,24,59.41868305206299,4.904902946949008
2025010515,1215,55081,1,61.629427671432495,26.354872959852216
2025010515,1215,55081,2,61.34349703788757,25.8385428071022
2025010515,1215,55081,3,61.06810927391052,25.32968796491623
2025010515,1215,55081,4,60.81314563751221,24.852986806631087
2025010515,1215,55081,5,60.57210087776184,24.405055904388426
2025010515,1215,55081,6,60.3347110748291,23.974442434310912
2025010515,1215,55081,7,60.094664096832275,23.55199049115181
2025010515,1215,55081,8,59.853551387786865,23.132566159963606
2025010515,1215,55081,9,59.60869789123535,22.714990800619123
2025010515,1215,55081,10,59.35950994491577,22.300233376026153
2025010515,1215,55081,11,59.10575866699219,21.89056538939476
2025010515,1215,55081,12,58.849782943725586,21.488191628456114
2025010515,1215,55081,13,58.59394311904907,21.095361357927324
2025010515,1215,55081,14,58.340463638305664,20.714114165306093
2025010515,1215,55081,15,58.091232776641846,20.346184653043743
2025010515,1215,55081,16,57.84789562225342,19.992954784631728
2025010515,1215,55081,17,57.6117467880249,19.655447530746457
2025010515,1215,55081,18,57.383809089660645,19.334387230873105
2025010515,1215,55081,19,57.16479778289795,19.030171000957488
2025010515,1215,55081,20,56.95525646209717,18.74296404123306
2025010515,1215,55081,21,56.75551414489746,18.472728228569032
2025010515,1215,55081,22,56.56574249267578,18.219234824180603
2025010515,1215,55081,23,56.38596296310425,17.982118481397627
2025010515,1215,55081,24,56.21608257293701,17.76092172265053
2025010515,1215,57267,1,72.92578339576721,7.785877472162248
2025010515,1215,57267,2,72.85525560379028,7.56638672351837
2025010515,1215,57267,3,72.88596868515015,7.286848866939543
2025010515,1215,57267,4,72.97282218933105,6.99731321930885
2025010515,1215,57267,5,73.09160828590393,6.707513886690137
2025010515,1215,57267,6,73.23681592941284,6.414528095722197
2025010515,1215,57267,7,73.41262221336365,6.115156680345535
2025010515,1215,57267,8,73.61557245254517,5.807741284370422
2025010515,1215,57267,9,73.84083151817322,5.493412894010547
2025010515,1215,57267,10,74.0830135345459,5.174919551610948
2025010515,1215,57267,11,74.33678984642029,4.855616092681885
2025010515,1215,57267,12,74.59737181663513,4.538860529661179
2025010515,1215,57267,13,74.86320376396179,4.227718597650529
2025010515,1215,57267,14,75.13142466545105,3.9246619462966947
2025010515,1215,57267,15,75.39678812026978,3.630948638916017
2025010515,1215,57267,16,75.65644025802612,3.3478843927383437
2025010515,1215,57267,17,75.90878248214722,3.0765239477157564
2025010515,1215,57267,18,76.15265965461731,2.817502689361575
2025010515,1215,57267,19,76.38733863830566,2.5711446642875657
2025010515,1215,57267,20,76.61240100860596,2.3375070571899386
2025010515,1215,57267,21,76.82761073112488,2.1164373755455017
2025010515,1215,57267,22,77.03293919563293,1.9076528728008242
2025010515,1215,57267,23,77.22850441932678,1.7107373714447007
2025010515,1215,57267,24,77.41453528404236,1.5252048015594468
2025010515,1304,47788,1,29.012560844421387,21.82422319948673
2025010515,1304,47788,2,28.814629912376404,21.505335918068884
2025010515,1304,47788,3,28.630224466323853,21.170262190699574
2025010515,1304,47788,4,28.464894890785217,20.853549516201017
2025010515,1304,47788,5,28.315765857696533,20.555432987213134
2025010515,1304,47788,6,28.177067041397095,20.26287925839424
2025010515,1304,47788,7,28.041701316833496,19.965706276893616
2025010515,1304,47788,8,27.9057115316391,19.65916135907173
2025010515,1304,47788,9,27.767688632011414,19.342853742837907
2025010515,1304,47788,10,27.627718448638916,19.01899774670601
2025010515,1304,47788,11,27.486748695373535,18.691021275520324
2025010515,1304,47788,12,27.346036434173584,18.36262544989586
2025010515,1304,56012,1,21.566931009292603,14.813528761267662
2025010515,1304,56012,2,22.149519324302673,14.697464478015899
2025010515,1304,56012,3,22.743542790412903,14.571627965569496
2025010515,1304,56012,4,23.35551917552948,14.438875281810759
2025010515,1304,56012,5,24.027491211891174,14.29826605618
2025010515,1304,56012,6,24.767221212387085,14.147994205355644
2025010515,1304,56012,7,25.566980838775635,13.984368139505385
2025010515,1304,56012,8,26.422977447509766,13.808390179276465
2025010515,1304,56012,9,27.325435280799866,13.622311177849769
2025010515,1304,56012,10,28.261713981628418,13.428928419947624
2025010515,1304,56012,11,29.219618439674377,13.230975651741026
2025010515,1304,56012,12,30.187422037124634,13.031009505689143
2025010515,1329,52991,1,27.85802721977234,34.216030907630916
2025010515,1329,52991,2,27.948871850967407,34.40798087120056
2025010515,1329,52991,3,28.052959442138672,34.63443544507027
2025010515,1329,52991,4,28.150928020477295,34.85709676742554
2025010515,1329,52991,5,28.250759840011597,35.08011708259583
2025010515,1329,52991,6,28.362616896629333,35.31554329991341
2025010515,1329,52991,7,28.484278321266174,35.57157506942749
2025010515,1329,52991,8,28.62656593322754,35.84875246882439
2025010515,1329,53074,1,26.65602207183838,34.67708887457847
2025010515,1329,53074,2,26.671167612075806,34.88440563678741
2025010515,1329,53074,3,26.66208028793335,35.15453025698662
2025010515,1329,53074,4,26.642796993255615,35.453358417749406
2025010515,1329,53074,5,26.6191828250885,35.78123322725296
2025010515,1329,53074,6,26.59488022327423,36.141296666860576
2025010515,1329,53074,7,26.571866869926453,36.533148443698884
2025010515,1329,53074,8,26.551090478897095,36.952715736627574
2025010515,1392,54509,1,84.93120074272156,46.78885359466076
2025010515,1392,54509,2,84.62314009666443,47.280705123394725
2025010515,1392,54509,3,84.34403657913208,47.75445729866624
2025010515,1392,54509,4,84.07257199287415,48.20085215643048
2025010515,1392,54509,5,83.80624294281006,48.62994427531957
2025010515,1392,54509,6,83.53991746902466,49.054158619046206
2025010515,1392,54509,7,83.27069520950317,49.48087558746337
2025010515,1392,54509,8,82.99832582473755,49.9122475489974
2025010515,1392,54509,9,82.72428631782532,50.34697752296924
2025010515,1392,54509,10,82.45087265968323,50.78198865503072
2025010515,1392,54509,11,82.18056321144104,51.213626684248446
2025010515,1392,54509,12,81.91563963890076,51.638359661400315
2025010515,1392,55081,1,78.45244646072388,46.46505240052938
2025010515,1392,55081,2,78.33530902862549,46.869368058443065
2025010515,1392,55081,3,78.21513891220093,47.26211096346378
2025010515,1392,55081,4,78.09768319129944,47.62983635812998
2025010515,1392,55081,5,77.98014163970947,47.981880438327785
2025010515,1392,55081,6,77.85839080810547,48.331865075230596
2025010515,1392,55081,7,77.73182272911072,48.68892075866461
2025010515,1392,55081,8,77.60428190231323,49.05686139017343
2025010515,1392,55081,9,77.47125506401062,49.43516555652022
2025010515,1392,55081,10,77.33250260353088,49.821509732306
2025010515,1392,55081,11,77.1897304058075,50.21272016689181
2025010515,1392,55081,12,77.04471588134766,50.60523433312773
2025010515,1429,44872,1,71.32182955741882,39.88192237615585
2025010515,1429,44872,2,71.3517951965332,39.79561001956463
2025010515,1429,44872,3,71.41527771949768,39.62657523453235
2025010515,1429,44872,4,71.4925217628479,39.42965655624866
2025010515,1429,44872,5,71.5768039226532,39.217828556895256
2025010515,1429,44872,6,71.66348576545715,38.988509982824326
2025010515,1429,44872,7,71.75140142440796,38.73830787539482
2025010515,1429,56070,1,75.08373141288757,39.19662097692489
2025010515,1429,56070,2,74.3112587928772,39.26763801574707
2025010515,1429,56070,3,73.52879762649536,39.3513770610094
2025010515,1429,56070,4,72.7448058128357,39.43482224047184
2025010515,1429,56070,5,71.94909811019897,39.52037848830223
2025010515,1429,56070,6,71.12407207489014,39.61066200435161
2025010515,1429,56070,7,70.26129841804504,39.70692767500877
2025010515,1429,57372,1,77.54213333129883,39.86761190593242
2025010515,1429,57372,2,77.29918599128723,40.23375836759806
2025010515,1429,57372,3,77.04491972923279,40.586321875452995
2025010515,1429,57372,4,76.80477619171143,40.90551493614912
2025010515,1429,57372,5,76.57745361328125,41.19983900785446
2025010515,1429,57372,6,76.35572791099548,41.48637404739856
2025010515,1429,57372,7,76.13412737846375,41.776975554227825
2025010515,1478,39989,1,67.19425678253174,21.83411138653755
2025010515,1478,39989,2,66.88526630401611,22.16739332675934
2025010515,1478,39989,3,66.57323598861694,22.515162056684492
2025010515,1478,39989,4,66.24280214309692,22.86139950752258
2025010515,1478,39989,5,65.89587807655334,23.211204648017883
2025010515,1478,39989,6,65.52899837493896,23.572484850883484
2025010515,1478,39989,7,65.14115452766418,23.94900477528572
2025010515,1478,39989,8,64.7347104549408,24.340214812755583
2025010515,1478,39989,9,64.31425452232361,24.742807781696317
2025010515,1478,39989,10,63.88529419898987,25.152208906412124
2025010515,1478,43366,1,59.61278200149536,19.317412906885146
2025010515,1478,43366,2,59.388184547424316,19.57424208521843
2025010515,1478,43366,3,59.12595748901367,19.840052437782283
2025010515,1478,43366,4,58.85225057601929,20.09791729450226
2025010515,1478,43366,5,58.563337326049805,20.352735477685926
2025010515,1478,43366,6,58.24858903884888,20.614123547077178
2025010515,1478,43366,7,57.90916442871094,20.889915806055065
2025010515,1478,43366,8,57.53915548324585,21.180557024478908
2025010515,1478,43366,9,57.13935613632202,21.484566754102705
2025010515,1478,43366,10,56.714909076690674,21.79946699142456
2025010515,1478,48555,1,74.16419863700867,29.497475412487983
2025010515,1478,48555,2,74.10246133804321,29.263790151476858
2025010515,1478,48555,3,74.03215885162354,29.030225613713263
2025010515,1478,48555,4,73.98052453994751,28.820132216811178
2025010515,1478,48555,5,73.94500136375427,28.621042108535764
2025010515,1478,48555,6,73.92040729522705,28.414473512768744
2025010515,1478,48555,7,73.90296936035156,28.188220673799513
2025010515,1478,48555,8,73.89017343521118,27.93753885030746
2025010515,1478,48555,9,73.8804030418396,27.66294746994972
2025010515,1478,48555,10,73.87261390686035,27.367880791425705
2025010515,1478,54500,1,71.02792024612427,19.595041429996492
2025010515,1478,54500,2,70.91652631759644,19.516523665189744
2025010515,1478,54500,3,70.80341935157776,19.354983252286907
2025010515,1478,54500,4,70.69940686225891,19.163827520608898
2025010515,1478,54500,5,70.59162855148315,18.95719379782677
2025010515,1478,54500,6,70.48906803131104,18.731876564025875
2025010515,1478,54500,7,70.38829207420349,18.48466076850891
2025010515,1478,54500,8,70.28751969337463,18.215752911567684
2025010515,1478,54500,9,70.18623948097229,17.92821555137634
2025010515,1478,54500,10,70.08504867553711,17.626601225137712
2025010515,1478,55081,1,62.72238850593567,32.76536476910114
2025010515,1478,55081,2,62.65998601913452,32.47731751203537
2025010515,1478,55081,3,62.60908842086792,32.16992753148079
2025010515,1478,55081,4,62.566713094711304,31.86748402714729
2025010515,1478,55081,5,62.525646686553955,31.566705232858656
2025010515,1478,55081,6,62.47951626777649,31.2576140075922
2025010515,1478,55081,7,62.42632269859314,30.933481618762016
2025010515,1478,55081,8,62.36909508705139,30.592192232608795
2025010515,1478,55081,9,62.305283546447754,30.23507698178291
2025010515,1478,55081,10,62.232524156570435,29.865593951940536
2025010515,1503,39989,1,45.24245738983154,30.058600243926048
2025010515,1503,39989,2,45.09053707122803,29.730053514242172
2025010515,1503,39989,3,44.912710189819336,29.386991402506826
2025010515,1503,39989,4,44.739603996276855,29.03948953449726
2025010515,1503,39989,5,44.56432342529297,28.684129536151886
2025010515,1503,39989,6,44.37985181808472,28.31384433209896
2025010515,1503,39989,7,44.182820320129395,27.92542999088764
2025010515,1503,39989,8,43.97320032119751,27.519947606325147
2025010515,1503,39989,9,43.7529730796814,27.101219022274016
2025010515,1503,39989,10,43.525071144104004,26.67432255744934
2025010515,1503,43366,1,39.84678268432617,28.833240219950675
2025010515,1503,43366,2,39.894490242004395,28.68101297020912
2025010515,1503,43366,3,39.93380784988403,28.483028432726858
2025010515,1503,43366,4,39.96600866317749,28.2704554438591
2025010515,1503,43366,5,39.99063491821289,28.044220077991483
2025010515,1503,43366,6,40.006585121154785,27.797221902012822
2025010515,1503,43366,7,40.011048316955566,27.525132352113722
2025010515,1503,43366,8,40.006842613220215,27.227870416641235
2025010515,1503,43366,9,39.994590282440186,26.90767900645733
2025010515,1503,43366,10,39.975178241729736,26.56861982345581
2025010515,1503,46142,1,56.13276243209839,27.611833882331847
2025010515,1503,46142,2,56.34026527404785,27.806873407959937
2025010515,1503,46142,3,56.574039459228516,28.0339300096035
2025010515,1503,46142,4,56.79643392562866,28.260082775354384
2025010515,1503,46142,5,57.0172905921936,28.484073641896245
2025010515,1503,46142,6,57.25328207015991,28.715568411350247
2025010515,1503,46142,7,57.51545190811157,28.961468958854674
2025010515,1503,46142,8,57.80739784240723,29.223956245183942
2025010515,1503,46142,9,58.12723159790039,29.50158635675907
2025010515,1503,46142,10,58.47001075744629,29.790864673256873
2025010515,1503,48555,1,54.0359902381897,24.141361385583878
2025010515,1503,48555,2,53.77626657485962,24.427338874340055
2025010515,1503,48555,3,53.539695739746094,24.696167308092114
2025010515,1503,48555,4,53.32408905029297,24.93060232400894
2025010515,1503,48555,5,53.12525510787964,25.147395861148834
2025010515,1503,48555,6,52.935640811920166,25.367188417911528
2025010515,1503,48555,7,52.7498459815979,25.603142005205154
2025010515,1503,48555,8,52.56530284881592,25.860530322790144
2025010515,1503,48555,9,52.381510734558105,26.13920723199844
2025010515,1503,48555,10,52.19909191131592,26.43606887459755
2025010515,1573,47788,1,46.55828833580017,41.237406176328655
2025010515,1573,47788,2,46.64792776107788,41.336624801158905
2025010515,1573,47788,3,46.78377628326416,41.49781892895698
2025010515,1573,47788,4,46.93219542503357,41.67751548290252
2025010515,1573,47788,5,47.08920121192932,41.869344723224636
2025010515,1573,47788,6,47.2619891166687,42.08031495213508
2025010515,1573,47788,7,47.45571970939636,42.315515607595444
2025010515,1573,48268,1,46.192567348480225,34.523783057928085
2025010515,1573,48268,2,46.11119627952576,34.713547295331956
2025010515,1573,48268,3,46.03641986846924,34.91251191496849
2025010515,1573,48268,4,45.9628701210022,35.09774903059006
2025010515,1573,48268,5,45.89182376861572,35.28242383003235
2025010515,1573,48268,6,45.82330584526062,35.48414919972419
2025010515,1573,48268,7,45.75716257095337,35.713472539186476
2025010515,1573,56012,1,44.83359217643738,41.10889310240745
2025010515,1573,56012,2,44.77481961250305,40.72952347397804
2025010515,1573,56012,3,44.72960829734802,40.35957661271095
2025010515,1573,56012,4,44.6958589553833,39.99167251586914
2025010515,1573,56012,5,44.66328978538513,39.60933563709259
2025010515,1573,56012,6,44.62804913520813,39.204042279720305
2025010515,1573,56012,7,44.59448575973511,38.77953804135323
2025010515,1728,46095,1,75.70274591445923,17.761212411522866
2025010515,1728,46095,2,75.8609390258789,18.328141489624976
2025010515,1728,46095,3,76.0211992263794,18.862241786718368
2025010515,1728,46095,4,76.16214036941528,19.36455533504486
2025010515,1728,46095,5,76.29353284835815,19.846932074427603
2025010515,1728,46095,6,76.42316579818726,20.32207018435001
2025010515,1728,46095,7,76.55524492263794,20.797209882736205
2025010515,1728,46095,8,76.69115781784058,21.274330395460126
2025010515,1728,46095,9,76.83063268661499,21.751984632015226
2025010515,1728,46095,10,76.97255373001099,22.227021080255508
2025010515,1728,46095,11,77.11545467376709,22.695748150348663
2025010515,1728,47788,1,68.12498331069946,26.984085702896117
2025010515,1728,47788,2,68.38605880737305,27.429220908880232
2025010515,1728,47788,3,68.61079216003418,27.851523536443707
2025010515,1728,47788,4,68.79873275756836,28.230248248577116
2025010515,1728,47788,5,68.9577054977417,28.574080765247345
2025010515,1728,47788,6,69.0993332862854,28.90099296569824
2025010515,1728,47788,7,69.2319917678833,29.22403249144554
2025010515,1728,47788,8,69.36052322387695,29.54975334405899
2025010515,1728,47788,9,69.4871735572815,29.87975351810455
2025010515,1728,47788,10,69.61255073547363,30.21266058087349
2025010515,1728,47788,11,69.73640441894531,30.545694720745086
2025010515,1728,48000,1,77.77743101119995,15.696832171082496
2025010515,1728,48000,2,77.91251420974731,16.186911371350288
2025010515,1728,48000,3,78.02347898483276,16.665542513132095
2025010515,1728,48000,4,78.11081171035767,17.10616648197174
2025010515,1728,48000,5,78.17802429199219,17.51198244392872
2025010515,1728,48000,6,78.23616743087769,17.894225603342054
2025010515,1728,48000,7,78.2962703704834,18.26299223601818
2025010515,1728,48000,8,78.36160898208618,18.62408817708492
2025010515,1728,48000,9,78.42490911483765,18.981058877706527
2025010515,1728,48000,10,78.48747968673706,19.333008444309232
2025010515,1728,48000,11,78.54997158050537,19.67792429327965
2025010515,1728,48268,1,62.2434139251709,23.448379763960837
2025010515,1728,48268,2,62.32194900512695,23.63137238025665
2025010515,1728,48268,3,62.377824783325195,23.827061587572096
2025010515,1728,48268,4,62.41156339645386,24.008626174926757
2025010515,1728,48268,5,62.42478132247925,24.18848475217819
2025010515,1728,48268,6,62.417664527893066,24.384296271204946
2025010515,1728,48268,7,62.39120006561279,24.606870228052138
2025010515,1728,48268,8,62.34731912612915,24.85951380431652
2025010515,1728,48268,9,62.28858232498169,25.140412974357602
2025010515,1728,48268,10,62.21780776977539,25.44505173563957
2025010515,1728,48268,11,62.13761329650879,25.767872053384778
2025010515,1728,57199,1,82.56672620773315,25.659349796175956
2025010515,1728,57199,2,82.24820852279663,25.5610620111227
2025010515,1728,57199,3,81.83181524276733,25.44942636489868
2025010515,1728,57199,4,81.38344287872314,25.33584485054016
2025010515,1728,57199,5,80.90829849243164,25.218080911040303
2025010515,1728,57199,6,80.3946304321289,25.09111976623535
2025010515,1728,57199,7,79.83303308486938,24.953479379415512
2025010515,1728,57199,8,79.2222261428833,24.805358308553693
2025010515,1728,57199,9,78.56959104537964,24.64616246819496
2025010515,1728,57199,10,77.88408279418945,24.477229344844815
2025010515,1728,57199,11,77.17475652694702,24.300916218757628
2025010515,1957,46142,1,49.7063684463501,37.27776625752449
2025010515,1957,46142,2,49.573659896850586,37.12850308120251
2025010515,1957,46142,3,49.401984214782715,36.9215627849102
2025010515,1957,46142,4,49.22853469848633,36.70543640255928
2025010515,1957,46142,5,49.05324697494507,36.48592023849487
2025010515,1957,46142,6,48.86482000350952,36.255138689279555
2025010515,1957,46206,1,51.89902067184448,35.95086050927639
2025010515,1957,46206,2,51.32964849472046,35.827514708042145
2025010515,1957,46206,3,50.74219465255737,35.69500823616981
2025010515,1957,46206,4,50.1324462890625,35.555120173096654
2025010515,1957,46206,5,49.46755886077881,35.40567591190338
2025010515,1957,46206,6,48.73717546463013,35.2454030930996
2025010515,1957,55081,1,44.797682762145996,32.653565511107445
2025010515,1957,55081,2,44.76661920547485,32.491324585676196
2025010515,1957,55081,3,44.72399711608887,32.29769879281521
2025010515,1957,55081,4,44.67708349227905,32.096391189098355
2025010515,1957,55081,5,44.621450901031494,31.885360598564148
2025010515,1957,55081,6,44.55057621002197,31.656173866987228
2025010515,2065,43366,1,14.962120056152344,22.152982783317565
2025010515,2065,43366,2,15.073857307434082,21.976844388246533
2025010515,2065,43366,3,15.20073652267456,21.77474096417427
2025010515,2065,43366,4,15.32893180847168,21.5681580722332
2025010515,2065,43366,5,15.455875396728516,21.354182469844815
2025010515,2065,43366,6,15.582726001739502,21.123782151937483
2025010515,2065,43366,7,15.712995529174805,20.87162941098213
2025010515,2065,46206,1,20.043160915374756,22.542610710859297
2025010515,2065,46206,2,19.701311588287354,22.213188737630844
2025010515,2065,46206,3,19.373059272766113,21.89148987531662
2025010515,2065,46206,4,19.053947925567627,21.573177617788314
2025010515,2065,46206,5,18.714873790740967,21.240969479084015
2025010515,2065,46206,6,18.355607986450195,20.892012578248973
2025010515,2065,46206,7,17.972280979156494,20.52369230389595
2025010515,2065,48555,1,21.087069511413574,26.45565145611763
2025010515,2065,48555,2,21.018741130828857,26.223148012161253
2025010515,2065,48555,3,20.932316780090332,25.991705662012098
2025010515,2065,48555,4,20.855956077575684,25.77954090833664
2025010515,2065,48555,5,20.780882835388184,25.575054788589476
2025010515,2065,48555,6,20.695531368255615,25.361025178432463
2025010515,2065,48555,7,20.592670440673828,25.126447200775146
2025010515,2065,54500,1,20.062665939331055,16.628699684143065
2025010515,2065,54500,2,19.79421615600586,16.450534409284593
2025010515,2065,54500,3,19.485576152801514,16.22951873540878
2025010515,2065,54500,4,19.17689323425293,16.001034104824065
2025010515,2065,54500,5,18.86089324951172,15.773998153209682
2025010515,2065,54500,6,18.54264736175537,15.540312892198564
2025010515,2065,54500,7,18.21423053741455,15.294987368583676
2025010515,2090,43366,1,8.901586532592773,15.609455543756482
2025010515,2090,43366,2,8.886945247650146,15.723739159107204
2025010515,2090,43366,3,8.8559889793396,15.870459204912187
2025010515,2090,43366,4,8.816757202148438,16.029937791824338
2025010515,2090,43366,5,8.771309852600098,16.205431270599362
2025010515,2090,43366,6,8.722400665283203,16.405542761087418
2025010515,2090,43366,7,8.669571876525879,16.63442450761795
2025010515,2090,43366,8,8.61121416091919,16.89288027286529
2025010515,2090,43366,9,8.548157215118408,17.178524184226987
2025010515,2090,46142,1,12.055635452270508,20.220222651958466
2025010515,2090,46142,2,11.947495937347412,19.960807454586025
2025010515,2090,46142,3,11.834170818328857,19.669807243347165
2025010515,2090,46142,4,11.723699569702148,19.38607901930809
2025010515,2090,46142,5,11.617012023925781,19.111878401041032
2025010515,2090,46142,6,11.506941318511963,18.835714441537853
2025010515,2090,46142,7,11.387286186218262,18.548729866743088
2025010515,2090,46142,8,11.255350112915039,18.247318863868713
2025010515,2090,46142,9,11.111218929290771,17.932075518369672
2025010515,2090,47849,1,13.528547286987305,9.050945913791658
2025010515,2090,47849,2,13.20223331451416,9.256607496738432
2025010515,2090,47849,3,12.770898342132568,9.495595049858096
2025010515,2090,47849,4,12.291591167449951,9.745644664764406
2025010515,2090,47849,5,11.768574714660645,10.009085029363632
2025010515,2090,47849,6,11.199595928192139,10.290020734071732
2025010515,2090,47849,7,10.58624267578125,10.589503341913222
2025010515,2090,47849,8,9.934930801391602,10.90554727315903
2025010515,2090,47849,9,9.2549729347229,11.234327507019046
2025010515,2090,57267,1,12.497963905334473,8.984875351190567
2025010515,2090,57267,2,12.12101697921753,8.92912662625313
2025010515,2090,57267,3,11.638240814208984,8.840687316656116
2025010515,2090,57267,4,11.131274700164795,8.741087460517882
2025010515,2090,57267,5,10.60922384262085,8.640528172254562
2025010515,2090,57267,6,10.066637992858887,8.533697628974913
2025010515,2090,57267,7,9.49549913406372,8.41719969511032
2025010515,2090,57267,8,8.89286756515503,8.291012132167815
2025010515,2090,57267,9,8.262383937835693,8.156491488218307
2025010515,2257,47788,1,71.11974835395813,17.344112002849577
2025010515,2257,47788,2,71.02699398994446,17.125482201576233
2025010515,2257,47788,3,70.93213677406311,16.87217305898666
2025010515,2257,47788,4,70.84087014198303,16.626062834262846
2025010515,2257,47788,5,70.75579047203064,16.38657014966011
2025010515,2257,47788,6,70.66902995109558,16.14167351126671
2025010515,2257,47788,7,70.57499885559082,15.882528352737424
2025010515,2257,56012,1,73.37648749351501,22.003930872678755
2025010515,2257,56012,2,72.9986822605133,21.655917519330977
2025010515,2257,56012,3,72.64150500297546,21.30952439904213
2025010515,2257,56012,4,72.28766798973083,20.96138079166412
2025010515,2257,56012,5,71.91752672195435,20.601291936635967
2025010515,2257,56012,6,71.52095317840576,20.222986578941345
2025010515,2257,56012,7,71.10493540763855,19.828758460283275
2025010515,2257,56032,1,71.87687873840332,25.689856243133544
2025010515,2257,56032,2,71.83531165122986,25.372382694482802
2025010515,2257,56032,3,71.80307507514954,25.035914295911788
2025010515,2257,56032,4,71.77726864814758,24.719349348545073
2025010515,2257,56032,5,71.75642967224121,24.420870649814603
2025010515,2257,56032,6,71.73514366149902,24.126490187644958
2025010515,2257,56032,7,71.70974135398865,23.825746339559554
2025010515,2326,46122,1,55.837411880493164,34.825411680340764
2025010515,2326,46122,2,55.84954261779785,35.072864156961444
2025010515,2326,46122,3,55.845844745635986,35.336798533797264
2025010515,2326,46122,4,55.83085298538208,35.59806270301342
2025010515,2326,46122,5,55.80357313156128,35.86202884912491
2025010515,2326,46122,6,55.76364040374756,36.13936509490013
2025010515,2326,46122,7,55.71866512298584,36.436785876750946
2025010515,2326,46122,8,55.6636905670166,36.75587806999683
2025010515,2326,47788,1,60.49203872680664,38.86734673082828
2025010515,2326,47788,2,60.431703329086304,39.143051624298096
2025010515,2326,47788,3,60.34699201583862,39.43512563705444
2025010515,2326,47788,4,60.27073860168457,39.71344831883907
2025010515,2326,47788,5,60.1898467540741,39.98034835755825
2025010515,2326,47788,6,60.10132312774658,40.24963506311178
2025010515,2326,47788,7,60.003336668014526,40.5309766203165
2025010515,2326,47788,8,59.895973205566406,40.82809718251228
2025010515,2326,48000,1,55.457661151885986,42.45207901597023
2025010515,2326,48000,2,54.83739137649536,42.48040450215339
2025010515,2326,48000,3,54.143736362457275,42.511758394539356
2025010515,2326,48000,4,53.4621262550354,42.54154606163502
2025010515,2326,48000,5,52.802860736846924,42.57120109200477
2025010515,2326,48000,6,52.14903116226196,42.60273686349392
2025010515,2326,48000,7,51.48454427719116,42.6382175847888
2025010515,2326,48000,8,50.80296993255615,42.67845893204212
2025010515,2326,56012,1,64.01682615280151,39.2255310177803
2025010515,2326,56012,2,63.666661977767944,39.50758023560047
2025010515,2326,56012,3,63.28139662742615,39.79259511530399
2025010515,2326,56012,4,62.87263870239258,40.083519080281256
2025010515,2326,56012,5,62.43385076522827,40.39214012026787
2025010515,2326,56012,6,61.95949673652649,40.72472631335258
2025010515,2326,56012,7,61.45377516746521,41.07753365039825
2025010515,2326,56012,8,60.92190742492676,41.44976948797702
2025010515,2351,56012,1,61.94361448287964,16.193876785039897
2025010515,2351,56012,2,61.904507875442505,15.718233543634412
2025010515,2351,56012,3,61.87461733818054,15.258605194091793
2025010515,2351,56012,4,61.84730887413025,14.811014223098752
2025010515,2351,56012,5,61.81322693824768,14.361803019046782
2025010515,2351,56012,6,61.76919937133789,13.902006292343138
2025010515,2351,56012,7,61.71916365623474,13.432589828968048
2025010515,2351,56012,8,61.66290879249573,12.953035789728162
2025010515,2351,56012,9,61.600996255874634,12.46582535505295
2025010515,2564,43366,1,62.76592254638672,31.039373379945754
2025010515,2564,43366,2,63.56382608413696,31.036355298757552
2025010515,2564,43366,3,64.35712337493896,31.024279797077178
2025010515,2564,43366,4,65.10885715484619,31.00551686286926
2025010515,2564,43366,5,65.83438396453857,30.978716301918027
2025010515,2564,43366,6,66.56188488006592,30.944977331161496
2025010515,2564,43366,7,67.31044292449951,30.904239588975905
2025010515,2564,43366,8,68.08529376983643,30.853183186054228
2025010515,2564,43366,9,68.88592958450317,30.792141699790953
2025010515,2564,43366,10,69.70746517181396,30.722620993852615
2025010515,2564,43366,11,70.54263353347778,30.646311193704605
2025010515,2564,43366,12,71.38336658477783,30.564867478609084
2025010515,2564,43366,13,72.22178936004639,30.479837012290954
2025010515,2564,43366,14,73.05078506469727,30.39259540438652
2025010515,2564,43366,15,73.8641881942749,30.304330825805664
2025010515,2564,44872,1,56.80964112281799,34.76195096373558
2025010515,2564,44872,2,57.96609878540039,34.740671902894974
2025010515,2564,44872,3,59.06493544578552,34.704960060119625
2025010515,2564,44872,4,60.06186246871948,34.66071181297302
2025010515,2564,44872,5,60.97261905670166,34.61412217020988
2025010515,2564,44872,6,61.82551860809326,34.56232236623764
2025010515,2564,44872,7,62.64734745025635,34.505449008941646
2025010515,2564,44872,8,63.452510833740234,34.444102537631984
2025010515,2564,44872,9,64.24582958221436,34.37924556136131
2025010515,2564,44872,10,65.02671003341675,34.31003619432449
2025010515,2564,44872,11,65.7915472984314,34.23699862957
2025010515,2564,44872,12,66.53720140457153,34.16313506364822
2025010515,2564,44872,13,67.25975275039673,34.0902817606926
2025010515,2564,44872,14,67.95508861541748,34.01915035247803
2025010515,2564,44872,15,68.62014055252075,33.950274562835695
2025010515,2564,46142,1,51.18274927139282,33.58352369070053
2025010515,2564,46142,2,51.65524363517761,34.11122724413872
2025010515,2564,46142,3,52.087204456329346,34.60382892489433
2025010515,2564,46142,4,52.463414669036865,35.04152058959007
2025010515,2564,46142,5,52.794342041015625,35.43147256374359
2025010515,2564,46142,6,53.09897303581238,35.79162178039551
2025010515,2564,46142,7,53.3915376663208,36.135883182287216
2025010515,2564,46142,8,53.68002533912659,36.47219908833504
2025010515,2564,46142,9,53.96761894226074,36.80376231074333
2025010515,2564,46142,10,54.25445795059204,37.13081747293472
2025010515,2564,46142,11,54.53914761543274,37.452077919244765
2025010515,2564,46142,12,54.81971740722656,37.76570420861244
2025010515,2564,46142,13,55.09413957595825,38.06982830762863
2025010515,2564,46142,14,55.36064386367798,38.36284586787224
2025010515,2564,46142,15,55.61779260635376,38.64353377223015
2025010515,2564,57244,1,52.61102914810181,33.957244741916654
2025010515,2564,57244,2,53.03801894187927,34.57336854338646
2025010515,2564,57244,3,53.43749642372131,35.144033688306806
2025010515,2564,57244,4,53.80669713020325,35.67638826370239
2025010515,2564,57244,5,54.16408896446228,36.189093542098995
2025010515,2564,57244,6,54.51591968536377,36.69205836057663
2025010515,2564,57244,7,54.866899251937866,37.19267542958259
2025010515,2564,57244,8,55.215643644332886,37.693635606765746
2025010515,2564,57244,9,55.56371569633484,38.19386826753616
2025010515,2564,57244,10,55.910396575927734,38.69056183099747
2025010515,2564,57244,11,56.254119873046875,39.180231207609175
2025010515,2564,57244,12,56.59245014190674,39.659562861919404
2025010515,2564,57244,13,56.92308068275452,40.1256562590599
2025010515,2564,57244,14,57.24440574645996,40.57610964179039
2025010515,2564,57244,15,57.55501985549927,41.00916616916656
2025010515,2592,44872,1,47.19498038291931,43.366208153963086
2025010515,2592,44872,2,47.39018797874451,43.43746028542518
2025010515,2592,44872,3,47.685091495513916,43.56775561571121
2025010515,2592,44872,4,48.015990257263184,43.720022577047345
2025010515,2592,44872,5,48.37454080581665,43.882128483057016
2025010515,2592,44872,6,48.75144124031067,44.060392242670055
2025010515,2592,44872,7,49.14987802505493,44.257644498348235
2025010515,2592,44872,8,49.56923961639404,44.473678749799724
2025010515,2592,45719,1,41.89505338668823,38.38449662923813
2025010515,2592,45719,2,42.46623516082764,38.494075214862825
2025010515,2592,45719,3,43.059589862823486,38.61036347150802
2025010515,2592,45719,4,43.69045615196228,38.735896587371826
2025010515,2592,45719,5,44.38064932823181,38.87663130164146
2025010515,2592,45719,6,45.13161063194275,39.034448355436325
2025010515,2592,45719,7,45.937464237213135,39.20850586295128
2025010515,2592,45719,8,46.784069538116455,39.39416233301163
2025010515,2617,43366,1,82.50251054763794,33.407099372148515
2025010515,2617,43366,2,83.01028490066528,33.53736611008644
2025010515,2617,43366,3,83.5516905784607,33.67881563305855
2025010515,2617,43366,4,84.08748149871826,33.8190738081932
2025010515,2617,43366,5,84.62721347808838,33.958652120828624
2025010515,2617,43366,6,85.18943309783936,34.10297358632088
2025010515,2617,43366,7,85.78366756439209,34.25731825828552
2025010515,2617,43366,8,86.41568899154663,34.42137797474861
2025010515,2617,43366,9,87.0850682258606,34.59193133115768
2025010515,2617,43366,10,87.78519630432129,34.76766943335533
2025010515,2617,43366,11,88.50764751434326,34.94689897894859
2025010515,2617,43366,12,89.24356698989868,35.12779005765915
2025010515,2617,46142,1,65.64062118530273,32.82681131362915
2025010515,2617,46142,2,66.00864887237549,32.635484027862546
2025010515,2617,46142,3,66.41140222549438,32.420828562974926
2025010515,2617,46142,4,66.81009292602539,32.21768946051598
2025010515,2617,46142,5,67.18978643417358,32.020046442747116
2025010515,2617,46142,6,67.56540298461914,31.816456216573712
2025010515,2617,46142,7,67.94885158538818,31.59876678586006
2025010515,2617,46142,8,68.34539651870728,31.363982307910916
2025010515,2617,46142,9,68.75491619110107,31.11300503015518
2025010515,2617,46142,10,69.17410612106323,30.848976933956145
2025010515,2617,46142,11,69.59825992584229,30.575967663526534
2025010515,2617,46142,12,70.02234220504761,30.29815487861633
2025010515,2617,54500,1,73.27822208404541,27.588073641061783
2025010515,2617,54500,2,73.90756130218506,28.055930233001707
2025010515,2617,54500,3,74.51994895935059,28.505859422683713
2025010515,2617,54500,4,75.08080959320068,28.914679169654846
2025010515,2617,54500,5,75.59305429458618,29.28571889400482
2025010515,2617,54500,6,76.06754779815674,29.6306569814682
2025010515,2617,54500,7,76.52449607849121,29.957095819711682
2025010515,2617,54500,8,76.97201013565063,30.27094131708145
2025010515,2617,54500,9,77.41238594055176,30.57509083151817
2025010515,2617,54500,10,77.84070253372192,30.872530674934385
2025010515,2617,54500,11,78.2617735862732,31.16119584441185
2025010515,2617,54500,12,78.67378950119019,31.43964083790779
2025010515,2617,54509,1,73.31500053405762,28.765497004985807
2025010515,2617,54509,2,74.03250217437744,29.28733912706375
2025010515,2617,54509,3,74.71331119537354,29.783457666635513
2025010515,2617,54509,4,75.34675598144531,30.245271742343903
2025010515,2617,54509,5,75.94966650009155,30.68283632993698
2025010515,2617,54509,6,76.53984546661377,31.107394576072693
2025010515,2617,54509,7,77.12759971618652,31.525856298208236
2025010515,2617,54509,8,77.71620512008667,31.940747153759002
2025010515,2617,54509,9,78.3043885231018,32.35166367292404
2025010515,2617,54509,10,78.88857364654541,32.7566933453083
2025010515,2617,54509,11,79.46439027786255,33.153377228975295
2025010515,2617,54509,12,80.02765417098999,33.53930403590202
2025010515,2686,48555,1,94.19799327850342,32.66000673174858
2025010515,2686,48555,2,94.11812782287598,32.76330135464668
2025010515,2686,48555,3,94.03917074203491,32.89195739030838
2025010515,2686,48555,4,93.96077871322632,33.0162546813488
2025010515,2686,48555,5,93.88195037841797,33.14668344259262
2025010515,2686,48555,6,93.79889488220215,33.29984947443008
2025010515,2686,48555,7,93.70919466018677,33.485807752609254
2025010515,2686,48555,8,93.61224889755249,33.70717606544495
2025010515,2686,48555,9,93.50884437561035,33.9615494787693
2025010515,2686,54500,1,102.69829988479614,21.09388567507267
2025010515,2686,54500,2,103.66470336914062,21.30881594419479
2025010515,2686,54500,3,104.61750984191895,21.505632960796355
2025010515,2686,54500,4,105.49566507339478,21.676453179121015
2025010515,2686,54500,5,106.30288124084473,21.827538323402404
2025010515,2686,54500,6,107.06391334533691,21.964235162734983
2025010515,2686,54500,7,107.80129194259644,22.092521086335182
2025010515,2686,54500,8,108.52696895599365,22.215890714526175
2025010515,2686,54500,9,109.24452781677246,22.335938864946364
2025010515,2686,54509,1,93.0257248878479,17.820387452840805
2025010515,2686,54509,2,93.227219581604,18.454127317667005
2025010515,2686,54509,3,93.43000888824463,19.024805170297622
2025010515,2686,54509,4,93.60474586486816,19.550813832879065
2025010515,2686,54509,5,93.76129388809204,20.04643677175045
2025010515,2686,54509,6,93.90822887420654,20.526818400621412
2025010515,2686,54509,7,94.05085802078247,21.001224228739737
2025010515,2686,54509,8,94.19167757034302,21.47320129573345
2025010515,2686,54509,9,94.33140993118286,21.942508155107497
2025010515,2686,57267,1,93.86934041976929,16.672326841950415
2025010515,2686,57267,2,94.02369976043701,17.15935619175434
2025010515,2686,57267,3,94.14695262908936,17.63129672408104
2025010515,2686,57267,4,94.24112319946289,18.062941107153893
2025010515,2686,57267,5,94.31396484375,18.458841878175736
2025010515,2686,57267,6,94.37467575073242,18.830896630883217
2025010515,2686,57267,7,94.43188190460205,19.190083238482476
2025010515,2686,57267,8,94.48919534683228,19.542409271001816
2025010515,2686,57267,9,94.54725980758667,19.88994926214218
2025010515,2813,39989,1,111.49537324905396,15.502424854040145
2025010515,2813,39989,2,111.79157495498657,14.95452239513397
2025010515,2813,39989,3,112.07472324371338,14.434807226061821
2025010515,2813,39989,4,112.35111236572266,13.952074670791625
2025010515,2813,39989,5,112.62627840042114,13.492578163743019
2025010515,2813,39989,6,112.90663003921509,13.041681599617004
2025010515,2813,39989,7,113.19539308547974,12.590729439258574
2025010515,2813,39989,8,113.49257469177246,12.13691327869892
2025010515,2813,39989,9,113.7960934638977,11.681221142411232
2025010515,2813,39989,10,114.10286664962769,11.226617103815078
2025010515,2813,39989,11,114.40956830978394,10.776735568046568
2025010515,2813,39989,12,114.71312999725342,10.335144224762915
2025010515,2813,39989,13,115.01094818115234,9.904941372573376
2025010515,2813,39989,14,115.30084133148193,9.488633607327937
2025010515,2813,39989,15,115.58125019073486,9.088120731711387
2025010515,2813,39989,16,115.85095882415771,8.704720376431942
2025010515,2813,39989,17,116.1091947555542,8.33926410228014
2025010515,2813,39989,18,116.35547876358032,7.992167292535305
2025010515,2813,39989,19,116.58961772918701,7.663514930009842
2025010515,2813,54500,1,111.70635938644409,16.580599412322044
2025010515,2813,54500,2,111.89783334732056,16.108303064107893
2025010515,2813,54500,3,112.11831092834473,15.63428164422512
2025010515,2813,54500,4,112.34231472015381,15.194310534000396
2025010515,2813,54500,5,112.56246328353882,14.787350878119469
2025010515,2813,54500,6,112.78129577636719,14.403055423498152
2025010515,2813,54500,7,112.99846172332764,14.031103920936584
2025010515,2813,54500,8,113.21464776992798,13.665906566381453
2025010515,2813,54500,9,113.42926740646362,13.305822476744652
2025010515,2813,54500,10,113.64097595214844,12.951552164554595
2025010515,2813,54500,11,113.85362148284912,12.604790520668029
2025010515,2813,54500,12,114.06466484069824,12.267659732699393
2025010515,2813,54500,13,114.27170276641846,11.942139026522636
2025010515,2813,54500,14,114.47286128997803,11.629847840964793
2025010515,2813,54500,15,114.66537237167358,11.331639975309372
2025010515,2813,54500,16,114.84700441360474,11.047970524430275
2025010515,2813,54500,17,115.01758575439453,10.779355739057063
2025010515,2813,54500,18,115.17719507217407,10.525980675220488
2025010515,2813,54500,19,115.32604694366455,10.287763527035713
2025010515,2813,57267,1,110.18090486526489,11.854158782958983
2025010515,2813,57267,2,110.31590223312378,12.01557926684618
2025010515,2813,57267,3,110.42684555053711,12.246672949194908
2025010515,2813,57267,4,110.51309108734131,12.49718560129404
2025010515,2813,57267,5,110.58835744857788,12.755486491322516
2025010515,2813,57267,6,110.65064191818237,13.024434854090213
2025010515,2813,57267,7,110.70465803146362,13.308184522390365
2025010515,2813,57267,8,110.75336694717407,13.607387560606002
2025010515,2813,57267,9,110.79848527908325,13.91979867517948
2025010515,2813,57267,10,110.8409571647644,14.241561076045036
2025010515,2813,57267,11,110.88121891021729,14.568273130059241
2025010515,2813,57267,12,110.9194564819336,14.895703169703483
2025010515,2813,57267,13,110.95573425292969,15.220113539695738
2025010515,2813,57267,14,110.99007368087769,15.53840991258621
2025010515,2813,57267,15,111.02193832397461,15.848238185048103
2025010515,2813,57267,16,111.04914665222168,16.14813855886459
2025010515,2813,57267,17,111.07214212417603,16.43675607442856
2025010515,2813,57267,18,111.09283447265625,16.71335209608078
2025010515,2813,57267,19,111.11231088638306,16.97746914625168
2025010515,2994,46095,1,24.247852563858032,7.244405908882618
2025010515,2994,46095,2,25.192342400550842,6.92660831362009
2025010515,2994,46095,3,26.101861596107483,6.615501327812671
2025010515,2994,46095,4,26.965940594673157,6.314809104800224
2025010515,2994,46095,5,27.807077765464783,6.017460598051548
2025010515,2994,46095,6,28.64669680595398,5.716609528660774
2025010515,2994,46095,7,29.495814442634583,5.408353835344315
2025010515,2994,46095,8,30.35602569580078,5.092450483143329
2025010515,2994,46095,9,31.223022937774658,4.771337366849184
2025010515,2994,46095,10,32.08963394165039,4.448211666941643
2025010515,2994,46095,11,32.947940826416016,4.126369842886924
2025010515,2994,46095,12,33.79051923751831,3.808837918192148
2025010515,2994,46095,13,34.6127450466156,3.4983516246080395
2025010515,2994,46095,14,35.41020154953003,3.19700376316905
2025010515,2994,46095,15,36.17892622947693,2.9063538081943987
2025010515,2994,46095,16,36.91608667373657,2.627497799694538
2025010515,2994,46095,17,37.619837522506714,2.361148560792208
2025010515,2994,46095,18,38.289159536361694,2.1077012218534947
2025010515,2994,46095,19,38.92370939254761,1.8672856397926807
2025010515,2994,46095,20,39.523701667785645,1.6398597203195093
2025010515,2994,46095,21,40.08972644805908,1.425183605402708
2025010515,2994,46095,22,40.622702836990356,1.22292093783617
2025010515,2994,46095,23,41.123764514923096,1.0326495833694935
2025010515,2994,46095,24,41.594202518463135,0.8538787066936493
2025010515,2994,46095,25,42.03543663024902,0.6860845118761062
2025010515,2994,46095,26,42.44891881942749,0.5287209644913673
2025010515,2994,46095,27,42.836129665374756,0.38123448491096495
2025010515,2994,46122,1,26.874672174453735,17.089293819665908
2025010515,2994,46122,2,27.12630271911621,16.827683365345
2025010515,2994,46122,3,27.39907443523407,16.533371207118034
2025010515,2994,46122,4,27.66767978668213,16.238121855258942
2025010515,2994,46122,5,27.928537130355835,15.94450385570526
2025010515,2994,46122,6,28.192514777183533,15.646774911880492
2025010515,2994,46122,7,28.456259965896606,15.33875113427639
2025010515,2994,46122,8,28.72069537639618,15.017690834403037
2025010515,2994,46122,9,28.985949754714966,14.684075316786766
2025010515,2994,46122,10,29.25049602985382,14.339931461215018
2025010515,2994,46122,11,29.512735605239868,13.988585510849951
2025010515,2994,46122,12,29.7712504863739,13.633929201960562
2025010515,2994,46122,13,30.024569034576416,13.279633474349975
2025010515,2994,46122,14,30.271332263946533,12.928962621092795
2025010515,2994,46122,15,30.51032781600952,12.584715515375137
2025010515,2994,46122,16,30.740625858306885,12.249176368117332
2025010515,2994,46122,17,30.961496829986572,11.924168735742569
2025010515,2994,46122,18,31.17208957672119,11.610829958319663
2025010515,2994,46122,19,31.371928453445435,11.31006228327751
2025010515,2994,46122,20,31.560863256454468,11.022553515434264
2025010515,2994,46122,21,31.738879680633545,10.748718243837356
2025010515,2994,46122,22,31.90608859062195,10.488757409155369
2025010515,2994,46122,23,32.06272602081299,10.242678159475325
2025010515,2994,46122,24,32.20908164978027,10.010318471491336
2025010515,2994,46122,25,32.3455023765564,9.791423396766186
2025010515,2994,46122,26,32.47239947319031,9.585610115528107
2025010515,2994,46122,27,32.590166330337524,9.392460067570209
2025010515,2994,47788,1,22.753071784973145,10.72766315639019
2025010515,2994,47788,2,23.299970626831055,10.394498762488364
2025010515,2994,47788,3,23.83284330368042,10.064736858010292
2025010515,2994,47788,4,24.322966933250427,9.763834163546562
2025010515,2994,47788,5,24.767233729362488,9.486815610527993
2025010515,2994,47788,6,25.184717774391174,9.220072035491466
2025010515,2994,47788,7,25.590975880622864,8.952970261871814
2025010515,2994,47788,8,25.994657278060913,8.680101570487022
2025010515,2994,47788,9,26.39875888824463,8.400244432687758
2025010515,2994,47788,10,26.802662014961243,8.11478796005249
2025010515,2994,47788,11,27.203927636146545,7.826368208229542
2025010515,2994,47788,12,27.599462270736694,7.537998493015766
2025010515,2994,47788,13,27.986290454864502,7.252566641569137
2025010515,2994,47788,14,28.361790776252747,6.9725506573915474
2025010515,2994,47788,15,28.72390329837799,6.699968683719635
2025010515,2994,47788,16,29.071143865585327,6.436343263089657
2025010515,2994,47788,17,29.402518272399902,6.182753359526395
2025010515,2994,47788,18,29.717522263526917,5.939891146123409
2025010515,2994,47788,19,30.01598596572876,5.708138251304626
2025010515,2994,47788,20,30.298036336898804,5.487615795433521
2025010515,2994,47788,21,30.564022064208984,5.278268579393625
2025010515,2994,47788,22,30.81446886062622,5.0798654817044735
2025010515,2994,47788,23,31.049991846084595,4.892083249986172
2025010515,2994,47788,24,31.271334886550903,4.714513251930475
2025010515,2994,47788,25,31.47921323776245,4.546709923446178
2025010515,2994,47788,26,31.674420833587646,4.3881875917315485
2025010515,2994,47788,27,31.857662200927734,4.238448670506477
2025010515,2994,48000,1,26.211676597595215,7.440036343038082
2025010515,2994,48000,2,27.059349417686462,7.1754173383116715
2025010515,2994,48000,3,27.90622651576996,6.903840862214565
2025010515,2994,48000,4,28.696460723876953,6.645098379254341
2025010515,2994,48000,5,29.431378841400146,6.4010595113039015
2025010515,2994,48000,6,30.12851357460022,6.167054969072342
2025010515,2994,48000,7,30.80715537071228,5.938479796051979
2025010515,2994,48000,8,31.477664709091187,5.712686023116111
2025010515,2994,48000,9,32.143049240112305,5.489086315780877
2025010515,2994,48000,10,32.79975771903992,5.265901594609022
2025010515,2994,48000,11,33.44447135925293,5.044919675588607
2025010515,2994,48000,12,34.07552361488342,4.828910045325756
2025010515,2994,48000,13,34.68982815742493,4.619842001795768
2025010515,2994,48000,14,35.28357267379761,4.418884654343128
2025010515,2994,48000,15,35.85379242897034,4.226889419555664
2025010515,2994,48000,16,36.39841675758362,4.044414245337248
2025010515,2994,48000,17,36.91617250442505,3.871749423444271
2025010515,2994,48000,18,37.40643382072449,3.7089791424572467
2025010515,2994,48000,19,37.869147062301636,3.5560108743607994
2025010515,2994,48000,20,38.304691314697266,3.412631367892027
2025010515,2994,48000,21,38.71377110481262,3.2785265043377874
2025010515,2994,48000,22,39.0973162651062,3.1533126696944236
2025010515,2994,48000,23,39.45641040802002,3.036551447957754
2025010515,2994,48000,24,39.79226231575012,2.927793303877115
2025010515,2994,48000,25,40.10615587234497,2.826569243520498
2025010515,2994,48000,26,40.399367809295654,2.732408684492111
2025010515,2994,48000,27,40.67319631576538,2.644846604019403
2025010515,2994,57199,1,34.387714862823486,31.605625772476195
2025010515,2994,57199,2,35.05216956138611,31.16221881508827
2025010515,2994,57199,3,35.7439649105072,30.742489498853683
2025010515,2994,57199,4,36.4141845703125,30.36094049811363
2025010515,2994,57199,5,37.06640124320984,30.015109694004057
2025010515,2994,57199,6,37.71305322647095,29.693035954236983
2025010515,2994,57199,7,38.37264060974121,29.390357357263564
2025010515,2994,57199,8,39.05474066734314,29.105164569616317
2025010515,2994,57199,9,39.76089119911194,28.836437797546385
2025010515,2994,57199,10,40.48700451850891,28.582683885097502
2025010515,2994,57199,11,41.22811675071716,28.343289685249328
2025010515,2994,57199,12,41.976410150527954,28.117638874053952
2025010515,2994,57199,13,42.72421360015869,27.905572605133056
2025010515,2994,57199,14,43.46466422080994,27.706932032108305
2025010515,2994,57199,15,44.19203281402588,27.521332746744154
2025010515,2994,57199,16,44.901530742645264,27.348482471704482
2025010515,2994,57199,17,45.58932065963745,27.18805080652237
2025010515,2994,57199,18,46.25246286392212,27.03965651988983
2025010515,2994,57199,19,46.88907265663147,26.902902495861053
2025010515,2994,57199,20,47.498252391815186,26.77740114927292
2025010515,2994,57199,21,48.07912588119507,26.66264417171478
2025010515,2994,57199,22,48.631224632263184,26.558110547065734
2025010515,2994,57199,23,49.15450572967529,26.463241136074064
2025010515,2994,57199,24,49.649248123168945,26.377489507198334
2025010515,2994,57199,25,50.115941762924194,26.300299698114394
2025010515,2994,57199,26,50.5553412437439,26.23112210035324
2025010515,2994,57199,27,50.96827268600464,26.16942775547504
2025010515,3171,42771,1,53.398486375808716,19.183116236329077
2025010515,3171,42771,2,54.000667333602905,19.24325070977211
2025010515,3171,42771,3,54.64300274848938,19.334531781077384
2025010515,3171,42771,4,55.26428818702698,19.432733789086342
2025010515,3171,42771,5,55.85597634315491,19.53269422650337
2025010515,3171,42771,6,56.42191529273987,19.643459394574165
2025010515,3171,42771,7,56.97860240936279,19.769685080647466
2025010515,3171,42771,8,57.534728050231934,19.912743717432022
2025010515,3171,42771,9,58.092498779296875,20.07150908410549
2025010515,3171,42771,10,58.65013003349304,20.24338563084602
2025010515,3171,42771,11,59.20388460159302,20.425177368521688
2025010515,3171,42771,12,59.7494101524353,20.613632711768147
2025010515,3171,42771,13,60.28261184692383,20.80574946403503
2025010515,3171,42771,14,60.799970626831055,20.998941606283186
2025010515,3171,42771,15,61.29875421524048,21.19103929698467
2025010515,3171,42771,16,61.77697420120239,21.380339702963827
2025010515,3171,42771,17,62.233314514160156,21.565510103106497
2025010515,3171,42771,18,62.66708850860596,21.74556247293949
2025010515,3171,42771,19,63.07806730270386,21.919780415296554
2025010515,3171,42771,20,63.46643686294556,22.087700098752975
2025010515,3171,42771,21,63.83269786834717,22.249046719074247
2025010515,3171,42771,22,64.17751550674438,22.40367254912853
2025010515,3171,42771,23,64.50176954269409,22.551568058133125
2025010515,3171,42771,24,64.80641841888428,22.69281266927719
2025010515,3171,42771,25,65.09249210357666,22.827538225054738
2025010515,3171,42771,26,65.36104202270508,22.95594804883003
2025010515,3171,42771,27,65.61316251754761,23.078261348605153
2025010515,3171,42771,28,65.84989786148071,23.194732278585434
2025010515,3171,46095,1,61.89518451690674,14.498283827304839
2025010515,3171,46095,2,63.29037666320801,14.61931523680687
2025010515,3171,46095,3,64.61229801177979,14.726619142293929
2025010515,3171,46095,4,65.84136486053467,14.820193955302237
2025010515,3171,46095,5,67.00846910476685,14.904762178659439
2025010515,3171,46095,6,68.14544677734375,14.98440139889717
2025010515,3171,46095,7,69.27107334136963,15.061610269546508
2025010515,3171,46095,8,70.3919005393982,15.13742923438549
2025010515,3171,46095,9,71.50583267211914,15.21222522854805
2025010515,3171,46095,10,72.60667562484741,15.285901355743407
2025010515,3171,46095,11,73.68699073791504,15.358076384663581
2025010515,3171,46095,12,74.73963975906372,15.428315076231955
2025010515,3171,46095,13,75.758535861969,15.496191722154617
2025010515,3171,46095,14,76.73888683319092,15.561355271935462
2025010515,3171,46095,15,77.67723083496094,15.623557925224304
2025010515,3171,46095,16,78.57137203216553,15.68263448178768
2025010515,3171,46095,17,79.42013025283813,15.738497576117515
2025010515,3171,46095,18,80.22335529327393,15.791232985258102
2025010515,3171,46095,19,80.98206281661987,15.841369667649268
2025010515,3171,46095,20,81.69708967208862,15.888925096392631
2025010515,3171,46095,21,82.36967325210571,15.933926275372505
2025010515,3171,46095,22,83.00135135650635,15.97643197774887
2025010515,3171,46095,23,83.59381914138794,16.016524803638458
2025010515,3171,46095,24,84.14895057678223,16.054287353157996
2025010515,3171,46095,25,84.6686339378357,16.089811757206917
2025010515,3171,46095,26,85.15485048294067,16.12320126593113
2025010515,3171,46095,27,85.60951709747314,16.15456071794033
2025010515,3171,46095,28,86.0345721244812,16.183996540307998
2025010515,3171,48000,1,62.18740940093994,12.65340148359537
2025010515,3171,48000,2,63.41871500015259,12.914490921795368
2025010515,3171,48000,3,64.61930751800537,13.1627257168293
2025010515,3171,48000,4,65.72269678115845,13.386880195140838
2025010515,3171,48000,5,66.72879695892334,13.58936167359352
2025010515,3171,48000,6,67.66089677810669,13.776341333985329
2025010515,3171,48000,7,68.5394811630249,13.953350207209587
2025010515,3171,48000,8,69.37916994094849,14.123963925242423
2025010515,3171,48000,9,70.18684387207031,14.28978842496872
2025010515,3171,48000,10,70.96441268920898,14.451174756884575
2025010515,3171,48000,11,71.71445846557617,14.606239002943038
2025010515,3171,48000,12,72.43502855300903,14.754560220241546
2025010515,3171,48000,13,73.12304019927979,14.897101017832755
2025010515,3171,48000,14,73.77638339996338,15.034017065167426
2025010515,3171,48000,15,74.39387798309326,15.164835000038146
2025010515,3171,48000,16,74.9750804901123,15.289254602789878
2025010515,3171,48000,17,75.52011966705322,15.407093200087546
2025010515,3171,48000,18,76.02963924407959,15.518312668800354
2025010515,3171,48000,19,76.50470495223999,15.622974959015846
2025010515,3171,48000,20,76.94664716720581,15.721242094039916
2025010515,3171,48000,21,77.35703229904175,15.813309454917906
2025010515,3171,48000,22,77.73754835128784,15.899442315101624
2025010515,3171,48000,23,78.08996200561523,15.979926598072051
2025010515,3171,48000,24,78.41605424880981,16.055065700411795
2025010515,3171,48000,25,78.7175989151001,16.125177314877508
2025010515,3171,48000,26,78.99628400802612,16.190566426515577
2025010515,3171,48000,27,79.25381183624268,16.251545962691306
2025010515,3171,48000,28,79.49177026748657,16.308409789204596
2025010515,3171,54718,1,67.68246173858643,20.16835930943489
2025010515,3171,54718,2,68.32630634307861,19.900417238473892
2025010515,3171,54718,3,68.98574352264404,19.626192793250084
2025010515,3171,54718,4,69.61606979370117,19.362631705403327
2025010515,3171,54718,5,70.22041082382202,19.107375106215475
2025010515,3171,54718,6,70.81923723220825,18.854512321949006
2025010515,3171,54718,7,71.42292737960815,18.597991305589677
2025010515,3171,54718,8,72.03612327575684,18.33427931368351
2025010515,3171,54718,9,72.659912109375,18.063273096084593
2025010515,3171,54718,10,73.29176187515259,17.78649598956108
2025010515,3171,54718,11,73.92725944519043,17.506276682019234
2025010515,3171,54718,12,74.56131935119629,17.225194838643073
2025010515,3171,54718,13,75.18890619277954,16.94577611684799
2025010515,3171,54718,14,75.80543518066406,16.670293608307837
2025010515,3171,54718,15,76.40693664550781,16.400697946548462
2025010515,3171,54718,16,76.99018478393555,16.138625249266624
2025010515,3171,54718,17,77.55256175994873,15.885341522097587
2025010515,3171,54718,18,78.09215068817139,15.64183478951454
2025010515,3171,54718,19,78.60755681991577,15.408802387118339
2025010515,3171,54718,20,79.09797191619873,15.18670179247856
2025010515,3171,54718,21,79.56292390823364,14.975793513655661
2025010515,3171,54718,22,80.00232696533203,14.776153796911238
2025010515,3171,54718,23,80.41639566421509,14.587736576795578
2025010515,3171,54718,24,80.80554485321045,14.410383006930351
2025010515,3171,54718,25,81.17042541503906,14.243837344646453
2025010515,3171,54718,26,81.51179552078247,14.087769189476965
2025010515,3171,54718,27,81.83052062988281,13.941816371679305
2025010515,3171,54718,28,82.1275520324707,13.805570656061171
2025010515,3237,46122,1,61.07922077178955,36.67967787384987
2025010515,3237,46122,2,61.27790451049805,37.015971541404724
2025010515,3237,46122,3,61.491007804870605,37.365154004096986
2025010515,3237,46122,4,61.70428991317749,37.70409722924232
2025010515,3237,46122,5,61.92328691482544,38.03488845825195
2025010515,3237,46122,6,62.15658187866211,38.36659146547317
2025010515,3237,46122,7,62.402071952819824,38.70668156147003
2025010515,3237,46122,8,62.664713859558105,39.057179272174835
2025010515,3237,46122,9,62.94828414916992,39.416270571947095
2025010515,3237,46122,10,63.25010061264038,39.781607711315154
2025010515,3237,46122,11,63.56595039367676,40.150188493728635
2025010515,3237,46122,12,63.89137029647827,40.51878516077995
2025010515,3237,46122,13,64.22215461730957,40.88426208496094
2025010515,3237,46122,14,64.55449104309082,41.24382992386818
2025010515,3237,46122,15,64.88510370254517,41.595093274116515
2025010515,3237,46122,16,65.21121025085449,41.936101502180094
2025010515,3237,47788,1,52.50469923019409,38.36355432271957
2025010515,3237,47788,2,52.74157762527466,38.82483467459679
2025010515,3237,47788,3,52.95170187950134,39.26753635406494
2025010515,3237,47788,4,53.13248634338379,39.66866158246994
2025010515,3237,47788,5,53.29053282737732,40.03416392207146
2025010515,3237,47788,6,53.436927795410156,40.38094462752342
2025010515,3237,47788,7,53.57968211174011,40.72166693210602
2025010515,3237,47788,8,53.723119497299194,41.062837183475494
2025010515,3237,47788,9,53.868781328201294,41.406158214807505
2025010515,3237,47788,10,54.016538858413696,41.75044820904731
2025010515,3237,47788,11,54.16534423828125,42.09314020872116
2025010515,3237,47788,12,54.31387424468994,42.43126060962677
2025010515,3237,47788,13,54.46077346801758,42.76199783086776
2025010515,3237,47788,14,54.60480093955994,43.08296599984169
2025010515,3237,47788,15,54.74497675895691,43.39229708313942
2025010515,3237,47788,16,54.8805034160614,43.68864406347274
2025010515,3237,48103,1,51.11719250679016,46.61601126194
2025010515,3237,48103,2,51.184000968933105,46.77803456783295
2025010515,3237,48103,3,51.226186752319336,47.00932760238647
2025010515,3237,48103,4,51.25872731208801,47.26326259970665
2025010515,3237,48103,5,51.2990927696228,47.528999882936475
2025010515,3237,48103,6,51.32922291755676,47.80874741673469
2025010515,3237,48103,7,51.347365379333496,48.105774259567255
2025010515,3237,48103,8,51.35473608970642,48.420124888420105
2025010515,3237,48103,9,51.352880001068115,48.74898136854171
2025010515,3237,48103,10,51.34970426559448,49.08895074129104
2025010515,3237,48103,11,51.345248222351074,49.434965807199475
2025010515,3237,48103,12,51.33949398994446,49.78222622871399
2025010515,3237,48103,13,51.33245587348938,50.126513046026226
2025010515,3237,48103,14,51.32099390029907,50.46472557783127
2025010515,3237,48103,15,51.30547642707825,50.79414437413215
2025010515,3237,48103,16,51.2866473197937,51.112704432010645
2025010515,3237,53074,1,50.61151385307312,47.49146448373794
2025010515,3237,53074,2,51.07502818107605,47.794705396890635
2025010515,3237,53074,3,51.577008962631226,48.124422824382776
2025010515,3237,53074,4,52.081578969955444,48.45535383820533
2025010515,3237,53074,5,52.59080171585083,48.78956661820411
2025010515,3237,53074,6,53.112584352493286,49.13287494182586
2025010515,3237,53074,7,53.65082144737244,49.48806179761886
2025010515,3237,53074,8,54.204479455947876,49.85440602302551
2025010515,3237,53074,9,54.76918816566467,50.22888635993004
2025010515,3237,53074,10,55.33906102180481,50.607477641105646
2025010515,3237,53074,11,55.90800404548645,50.9859704375267
2025010515,3237,53074,12,56.47045969963074,51.36053655147552
2025010515,3237,53074,13,57.02166795730591,51.727906924486156
2025010515,3237,53074,14,57.557862997055054,52.085501891374584
2025010515,3237,53074,15,58.07619094848633,52.43134540319443
2025010515,3237,53074,16,58.57460975646973,52.764020550251004
2025010515,3290,46122,1,80.37325143814087,32.74904648065567
2025010515,3290,46122,2,80.86177110671997,33.146441996097565
2025010515,3290,46122,3,81.36244297027588,33.54294797182083
2025010515,3290,46122,4,81.84863805770874,33.91737112402916
2025010515,3290,46122,5,82.3294186592102,34.270979046821594
2025010515,3290,46122,6,82.81349658966064,34.61434773206711
2025010515,3290,46122,7,83.31305980682373,34.95353875756263
2025010515,3290,46122,8,83.83480310440063,35.290874457359315
2025010515,3290,46122,9,84.37891960144043,35.626567685604094
2025010515,3290,46122,10,84.94174003601074,35.959576410055156
2025010515,3290,46122,11,85.51781415939331,36.288210505247115
2025010515,3290,46122,12,86.10188484191895,36.61009045243263
2025010515,3290,46122,13,86.68803691864014,36.92339587211609
2025010515,3290,46122,14,87.27066993713379,37.226678085327144
2025010515,3290,46122,15,87.84493446350098,37.518723505735394
2025010515,3290,46122,16,88.40683937072754,37.798582231998445
2025010515,3290,46122,17,88.95313024520874,38.06556487083435
2025010515,3290,46122,18,89.48129653930664,38.31921076774597
2025010515,3290,48103,1,67.2803807258606,42.75536440610885
2025010515,3290,48103,2,67.8541088104248,43.1806025147438
2025010515,3290,48103,3,68.42143535614014,43.610564714670176
2025010515,3290,48103,4,68.94471645355225,44.01452376246452
2025010515,3290,48103,5,69.4234299659729,44.390811771154404
2025010515,3290,48103,6,69.8675537109375,44.74719632863998
2025010515,3290,48103,7,70.2940821647644,45.090190136432646
2025010515,3290,48103,8,70.71003913879395,45.42436161637306
2025010515,3290,48103,9,71.11798524856567,45.751267462968826
2025010515,3290,48103,10,71.51455163955688,46.07199418544769
2025010515,3290,48103,11,71.89717769622803,46.385766613483426
2025010515,3290,48103,12,72.26489067077637,46.69060234427452
2025010515,3290,48103,13,72.62063026428223,46.984258466959
2025010515,3290,48103,14,72.96328067779541,47.26532760262489
2025010515,3290,48103,15,73.29147577285767,47.53288526535034
2025010515,3290,48103,16,73.60424995422363,47.78637231588363
2025010515,3290,48103,17,73.90105247497559,48.02555048465729
2025010515,3290,48103,18,74.18172597885132,48.250464248657224
2025010515,3290,53074,1,66.34790897369385,43.981623500585556
2025010515,3290,53074,2,66.91000699996948,44.473443657159805
2025010515,3290,53074,3,67.45722770690918,44.956806832551955
2025010515,3290,53074,4,67.9703164100647,45.41354100108146
2025010515,3290,53074,5,68.45905780792236,45.85181404352188
2025010515,3290,53074,6,68.93604040145874,46.28232902884483
2025010515,3290,53074,7,69.40902471542358,46.711484289169306
2025010515,3290,53074,8,69.88068580627441,47.141131973266596
2025010515,3290,53074,9,70.35025119781494,47.57009344100952
2025010515,3290,53074,10,70.8151388168335,47.99566830396652
2025010515,3290,53074,11,71.27220153808594,48.414695519208905
2025010515,3290,53074,12,71.71836376190186,48.82415700554847
2025010515,3290,53074,13,72.15094327926636,49.2214635670185
2025010515,3290,53074,14,72.56784439086914,49.60459467768669
2025010515,3290,53074,15,72.96755075454712,49.97206671237945
2025010515,3290,53074,16,73.34906101226807,50.32290753126144
2025010515,3290,53074,17,73.711838722229,50.65657387971878
2025010515,3290,53074,18,74.05569076538086,50.9728719651699
2025010515,3504,47788,1,37.99304008483887,37.39400686025619
2025010515,3504,47788,2,38.29999566078186,37.747627490758894
2025010515,3504,47788,3,38.59224557876587,38.10765916109085
2025010515,3504,47788,4,38.86099576950073,38.444403952360155
2025010515,3504,47788,5,39.10362482070923,38.760069829225536
2025010515,3504,47788,6,39.331780672073364,39.068085664510726
2025010515,3504,47788,7,39.554479122161865,39.37863351106643
2025010515,3504,47788,8,39.77662682533264,39.69643428325653
2025010515,3504,47788,9,39.99985456466675,40.02191368937492
2025010515,3504,47788,10,40.22371530532837,40.35291459560394
2025010515,3504,47788,11,40.44675350189209,40.68613617420196
2025010515,3504,47788,12,40.667184591293335,41.01800755858421
2025010515,3504,47788,13,40.883238315582275,41.34524698257446
2025010515,3504,47788,14,41.09338402748108,41.66504921913147
2025010515,3504,47788,15,41.296398639678955,41.97521901130676
2025010515,3504,47788,16,41.491395235061646,42.27412341833114
2025010515,3504,47788,17,41.677740812301636,42.560628277063365
2025010515,3504,47788,18,41.855106353759766,42.83404101729393
2025010515,3504,48103,1,40.113290548324585,42.56640075445175
2025010515,3504,48103,2,40.782490968704224,42.952731031179425
2025010515,3504,48103,3,41.442822217941284,43.342235058546066
2025010515,3504,48103,4,42.05259919166565,43.70898593068122
2025010515,3504,48103,5,42.61015176773071,44.05229743123054
2025010515,3504,48103,6,43.129037618637085,44.37896818518638
2025010515,3504,48103,7,43.62680912017822,44.69501529335975
2025010515,3504,48103,8,44.11149501800537,45.004565584659574
2025010515,3504,48103,9,44.58600997924805,45.30887712240219
2025010515,3504,48103,10,45.04541873931885,45.61004350185394
2025010515,3504,48103,11,45.489134788513184,45.906018781661984
2025010515,3504,48103,12,45.91898202896118,46.194181996583936
2025010515,3504,48103,13,46.33474588394165,46.472430020570755
2025010515,3504,48103,14,46.734405755996704,46.739368182420726
2025010515,3504,48103,15,47.116427421569824,46.99399257302284
2025010515,3504,48103,16,47.47978448867798,47.235686868429184
2025010515,3504,48103,17,47.8239369392395,47.46413019895553
2025010515,3504,48103,18,48.14875245094299,47.6792844414711
2025010515,3504,54718,1,56.3237464427948,30.43978548645973
2025010515,3504,54718,2,56.93767189979553,30.45993673801422
2025010515,3504,54718,3,57.616517543792725,30.46029255390167
2025010515,3504,54718,4,58.29372525215149,30.44700664281845
2025010515,3504,54718,5,58.967978954315186,30.42162934541702
2025010515,3504,54718,6,59.65744972229004,30.38415748476982
2025010515,3504,54718,7,60.3731632232666,30.330931240320204
2025010515,3504,54718,8,61.11861705780029,30.26105789542198
2025010515,3504,54718,9,61.89115762710571,30.175522297620773
2025010515,3504,54718,10,62.683167457580566,30.07541095614433
2025010515,3504,54718,11,63.48701477050781,29.96331306695938
2025010515,3504,54718,12,64.29488182067871,29.841967141628263
2025010515,3504,54718,13,65.09927988052368,29.713924252986907
2025010515,3504,54718,14,65.89350700378418,29.581462258100508
2025010515,3504,54718,15,66.67181968688965,29.446528613567352
2025010515,3504,54718,16,67.4294900894165,29.310784852504728
2025010515,3504,54718,17,68.16274881362915,29.17560340762138
2025010515,3504,54718,18,68.86878490447998,29.042099380493163
2025010515,3504,55112,1,39.65527653694153,43.35450117588043
2025010515,3504,55112,2,40.4571533203125,43.773712652921674
2025010515,3504,55112,3,41.24383091926575,44.18195102214813
2025010515,3504,55112,4,41.993340253829956,44.56771580576896
2025010515,3504,55112,5,42.718563079833984,44.93930513858795
2025010515,3504,55112,6,43.43520641326904,45.30596705675125
2025010515,3504,55112,7,44.152185916900635,45.6729371368885
2025010515,3504,55112,8,44.871522188186646,46.04148932695389
2025010515,3504,55112,9,45.59064030647278,46.410381448268886
2025010515,3504,55112,10,46.304672956466675,46.777087843418116
2025010515,3504,55112,11,47.00813055038452,47.13873656988144
2025010515,3504,55112,12,47.695841789245605,47.492585939168926
2025010515,3504,55112,13,48.36338996887207,47.836310440301894
2025010515,3504,55112,14,49.007298946380615,48.16807063221931
2025010515,3504,55112,15,49.625065326690674,48.48650996685028
2025010515,3504,55112,16,50.215022563934326,48.790729373693466
2025010515,3504,55112,17,50.776180028915405,49.080207836627956
2025010515,3504,55112,18,51.30819797515869,49.35473885536194
2025010515,3527,46122,1,44.27731275558472,39.38027598261833
2025010515,3527,46122,2,44.36213493347168,39.66945899128914
2025010515,3527,46122,3,44.441514015197754,39.9795461833477
2025010515,3527,46122,4,44.51189875602722,40.28642785549164
2025010515,3527,46122,5,44.57390785217285,40.592562949657435
2025010515,3527,46122,6,44.63078856468201,40.90738694071769
2025010515,3527,46122,7,44.69259023666382,41.23675172924995
2025010515,3527,46122,8,44.75069046020508,41.58269690275192
2025010515,3527,46122,9,44.805665016174316,41.94423125982284
2025010515,3527,46122,10,44.85798239707947,42.31833354234695
2025010515,3527,46122,11,44.90794658660889,42.70103894472122
2025010515,3527,46122,12,44.955711364746094,43.088160276412964
2025010515,3527,46122,13,45.00136613845825,43.475700962543485
2025010515,3527,46122,14,45.04492521286011,43.860090136528015
2025010515,3527,46122,15,45.08639216423035,44.23823982477188
2025010515,3527,46122,16,45.125792026519775,44.60760848522186
2025010515,3527,46122,17,45.16313552856445,44.96614699959755
2025010515,3527,48103,1,46.1373245716095,42.247135418653485
2025010515,3527,48103,2,46.880950927734375,42.18184002637863
2025010515,3527,48103,3,47.670146226882935,42.09446816444397
2025010515,3527,48103,4,48.43686103820801,42.002197480201716
2025010515,3527,48103,5,49.17930006980896,41.91173129081726
2025010515,3527,48103,6,49.90743398666382,41.81456813812255
2025010515,3527,48103,7,50.63224911689758,41.70582826137542
2025010515,3527,48103,8,51.36059045791626,41.5854036450386
2025010515,3527,48103,9,52.093881368637085,41.45552449226379
2025010515,3527,48103,10,52.830913066864014,41.31996499300003
2025010515,3527,48103,11,53.56439709663391,41.18068213462829
2025010515,3527,48103,12,54.28702354431152,41.039655143022536
2025010515,3527,48103,13,54.99239802360535,40.89866309762001
2025010515,3527,48103,14,55.67531704902649,40.75922456979751
2025010515,3527,48103,15,56.33167505264282,40.622232276201245
2025010515,3527,48103,16,56.95822477340698,40.48765444755554
2025010515,3527,48103,17,57.55334258079529,40.35639333128929
2025010515,3527,56012,1,42.901822328567505,38.453375595808026
2025010515,3527,56012,2,43.307708501815796,38.91187613606453
2025010515,3527,56012,3,43.71498227119446,39.360782355070114
2025010515,3527,56012,4,44.11661624908447,39.79787358045578
2025010515,3527,56012,5,44.52691197395325,40.23308406472206
2025010515,3527,56012,6,44.94870185852051,40.671426999568936
2025010515,3527,56012,7,45.37984371185303,41.11760741472244
2025010515,3527,56012,8,45.82173228263855,41.5716507256031
2025010515,3527,56012,9,46.27450346946716,42.030557912588115
2025010515,3527,56012,10,46.73455238342285,42.49055478572845
2025010515,3527,56012,11,47.19697952270508,42.94765747785568
2025010515,3527,56012,12,47.657092809677124,43.3980886220932
2025010515,3527,56012,13,48.11078667640686,43.83856009840965
2025010515,3527,56012,14,48.55468153953552,44.26642234921455
2025010515,3527,56012,15,48.98616671562195,44.679664379358286
2025010515,3527,56012,16,49.40328598022461,45.07684386372566
2025010515,3527,56012,17,49.80466604232788,45.457033139467235
2025010515,3636,44872,1,55.502285957336426,32.157547044754025
2025010515,3636,44872,2,54.713401794433594,32.079265961050986
2025010515,3636,44872,3,53.90941858291626,31.978411218523977
2025010515,3636,44872,4,53.156940937042236,31.871102547645567
2025010515,3636,44872,5,52.449095249176025,31.767010515928266
2025010515,3636,44872,6,51.77082538604736,31.657929119467735
2025010515,3636,44872,7,51.102633476257324,31.54146136641502
2025010515,3636,44872,8,50.434513092041016,31.41733245253563
2025010515,3636,44872,9,49.76442575454712,31.286620944738388
2025010515,3636,44872,10,49.09403085708618,31.151325130462645
2025010515,3636,44872,11,48.42631816864014,31.012693542242047
2025010515,3636,54500,1,58.69102478027344,33.20463377833366
2025010515,3636,54500,2,58.64396095275879,33.526208740472796
2025010515,3636,54500,3,58.56454610824585,33.87080213129521
2025010515,3636,54500,4,58.46991777420044,34.205775785446164
2025010515,3636,54500,5,58.371384143829346,34.52912347316742
2025010515,3636,54500,6,58.268022537231445,34.848293501138684
2025010515,3636,54500,7,58.161113262176514,35.1708183646202
2025010515,3636,54500,8,58.051865100860596,35.499695494771004
2025010515,3636,54500,9,57.94163703918457,35.83437369465828
2025010515,3636,54500,10,57.82639503479004,36.172659295797345
2025010515,3636,54500,11,57.70703315734863,36.51118157804012
2025010515,3636,54509,1,59.361348152160645,33.85781485140323
2025010515,3636,54509,2,59.10619497299194,34.279107216000554
2025010515,3636,54509,3,58.838016986846924,34.70134948194027
2025010515,3636,54509,4,58.55605602264404,35.10993572473526
2025010515,3636,54509,5,58.260648250579834,35.5126319438219
2025010515,3636,54509,6,57.9488468170166,35.91918812990188
2025010515,3636,54509,7,57.6198935508728,36.334714370965955
2025010515,3636,54509,8,57.27587699890137,36.75965543687343
2025010515,3636,54509,9,56.9206166267395,37.191458666324614
2025010515,3636,54509,10,56.55872583389282,37.62612271904945
2025010515,3636,54509,11,56.194796562194824,38.05932697355747
2025010515,3711,42771,1,25.815677046775818,27.644032043218612
2025010515,3711,42771,2,26.141157746315002,27.531692707538603
2025010515,3711,42771,3,26.51938498020172,27.3879081428051
2025010515,3711,42771,4,26.90131902694702,27.236911952495575
2025010515,3711,42771,5,27.288116812705994,27.089213413000106
2025010515,3711,42771,6,27.676724195480347,26.932495576143264
2025010515,3711,42771,7,28.07925581932068,26.76003924012184
2025010515,3711,42771,8,28.501124382019043,26.569660267233846
2025010515,3711,42771,9,28.94190788269043,26.362443578243255
2025010515,3711,47788,1,22.075188159942627,38.837008661031724
2025010515,3711,47788,2,21.94490611553192,38.968542993068695
2025010515,3711,47788,3,21.776162981987,39.141491752862926
2025010515,3711,47788,4,21.607857942581177,39.325210297107695
2025010515,3711,47788,5,21.432809829711914,39.51638826727867
2025010515,3711,47788,6,21.24182403087616,39.724686700105664
2025010515,3711,47788,7,21.02886199951172,39.956783497333525
2025010515,3711,47788,8,20.792709589004517,40.214235353469846
2025010515,3711,47788,9,20.53572714328766,40.4946818113327
2025010515,3711,48103,1,25.647220015525818,40.97606258392334
2025010515,3711,48103,2,26.497939825057983,40.75183821320533
2025010515,3711,48103,3,27.33425796031952,40.532248979806894
2025010515,3711,48103,4,28.113096356391907,40.32889702320099
2025010515,3711,48103,5,28.842374682426453,40.13999055624008
2025010515,3711,48103,6,29.547876119613647,39.96261633634567
2025010515,3711,48103,7,30.250800848007202,39.79278731942177
2025010515,3711,48103,8,30.960888862609863,39.62834001779556
2025010515,3711,48103,9,31.67912006378174,39.46855644583702
2025010515,3711,57791,1,24.684296250343323,39.649244201183315
2025010515,3711,57791,2,25.324113965034485,39.292049527168274
2025010515,3711,57791,3,25.96100628376007,38.933812820911406
2025010515,3711,57791,4,26.58071458339691,38.587874001264574
2025010515,3711,57791,5,27.201116681098938,38.24612554907799
2025010515,3711,57791,6,27.83768892288208,37.90087929964066
2025010515,3711,57791,7,28.497249484062195,37.5484786093235
2025010515,3711,57791,8,29.178988337516785,37.18895207047462
2025010515,3711,57791,9,29.877458810806274,36.824612486362454
2025010515,3758,48103,1,39.65870261192322,46.4247220993042
2025010515,3758,48103,2,40.31620502471924,46.46723574399948
2025010515,3758,48103,3,41.04545831680298,46.51433051824569
2025010515,3758,48103,4,41.7684531211853,46.560411852598186
2025010515,3758,48103,5,42.47700333595276,46.60246484279632
2025010515,3758,48103,6,43.181079626083374,46.64944524765014
2025010515,3758,48103,7,43.89450788497925,46.70415511727333
2025010515,3758,48103,8,44.622395038604736,46.76741409897804
2025010515,3758,48103,9,45.36376476287842,46.838053083419794
2025010515,3758,48364,1,41.24908804893494,36.24130952358246
2025010515,3758,48364,2,41.79519295692444,36.2900721848011
2025010515,3758,48364,3,42.414761781692505,36.33638225793838
2025010515,3758,48364,4,43.03552508354187,36.37962977290153
2025010515,3758,48364,5,43.63804578781128,36.42697552442551
2025010515,3758,48364,6,44.24545168876648,36.47240876555443
2025010515,3758,48364,7,44.87729787826538,36.51479533314705
2025010515,3758,48364,8,45.54160237312317,36.55500888228416
2025010515,3758,48364,9,46.237170696258545,36.59354183673859
2025010515,3758,53074,1,37.98537611961365,44.210762578248975
2025010515,3758,53074,2,38.26031684875488,43.87851631641388
2025010515,3758,53074,3,38.567694425582886,43.531579941511154
2025010515,3758,53074,4,38.890342712402344,43.18549498319626
2025010515,3758,53074,5,39.2320454120636,42.83294815421104
2025010515,3758,53074,6,39.5978844165802,42.46621952056884
2025010515,3758,53074,7,39.98900055885315,42.082189339399335
2025010515,3758,53074,8,40.40266513824463,41.68204895853996
2025010515,3758,53074,9,40.8337676525116,41.26962339878082
2025010515,3832,48103,1,51.99845910072327,45.35734432935715
2025010515,3832,48103,2,52.46966600418091,45.24034761786461
2025010515,3832,48103,3,53.041627407073975,45.117603844404215
2025010515,3832,48103,4,53.632915019989014,45.00019413232803
2025010515,3832,48103,5,54.22875165939331,44.88716222643852
2025010515,3832,48103,6,54.84501242637634,44.78223783969879
2025010515,3832,48103,7,55.49406409263611,44.68449330925941
2025010515,3832,48103,8,56.17859959602356,44.593201118707654
2025010515,3832,48364,1,52.79200315475464,32.75173098444939
2025010515,3832,48364,2,53.25612545013428,32.89088041186333
2025010515,3832,48364,3,53.793736696243286,33.039948207139965
2025010515,3832,48364,4,54.33677673339844,33.18646810650825
2025010515,3832,48364,5,54.8590886592865,33.33360115289688
2025010515,3832,48364,6,55.38914680480957,33.4785135269165
2025010515,3832,48364,7,55.94513654708862,33.62382937073708
2025010515,3832,48364,8,56.5334415435791,33.77155967950821
2025010515,3832,53074,1,49.68059420585632,42.103700315952295
2025010515,3832,53074,2,49.83177065849304,41.751556956768034
2025010515,3832,53074,3,50.01874923706055,41.38282050490379
2025010515,3832,53074,4,50.2262020111084,41.0160728096962
2025010515,3832,53074,5,50.45360326766968,40.64416260719299
2025010515,3832,53074,6,50.70252299308777,40.25886165499687
2025010515,3832,53074,7,50.97258925437927,39.85663085579872
2025010515,3832,53074,8,51.26107335090637,39.43844552636146
2025010515,3902,42771,1,74.91628646850586,26.951938372850417
2025010515,3902,42771,2,75.28059482574463,27.14577225446701
2025010515,3902,42771,3,75.60823202133179,27.36772829890251
2025010515,3902,42771,4,75.90858936309814,27.585223937034606
2025010515,3902,42771,5,76.18805408477783,27.794342017173765
2025010515,3902,42771,6,76.43038988113403,28.006351101398465
2025010515,3902,42771,7,76.64283514022827,28.230229187011716
2025010515,3902,42771,8,76.83098316192627,28.46970598697662
2025010515,3902,42771,9,76.9987964630127,28.72447333931923
2025010515,3902,42771,10,77.14903593063354,28.991859447956084
2025010515,3902,42771,11,77.28373289108276,29.268131422996518
2025010515,3902,42771,12,77.40438938140869,29.549308574199674
2025010515,3902,42771,13,77.51222133636475,29.83170248866081
2025010515,3902,42771,14,77.6082444190979,30.1120981156826
2025010515,3902,42771,15,77.69338846206665,30.38787131309509
2025010515,3902,42771,16,77.76849746704102,30.656963431835173
2025010515,3902,42771,17,77.83434391021729,30.91781460046768
2025010515,3902,42771,18,77.89167165756226,31.169322425127028
2025010515,3902,42771,19,77.94118881225586,31.41074985861778
2025010515,3902,42771,20,77.9836106300354,31.641690254211426
2025010515,3902,42771,21,78.0195164680481,31.86196570396423
2025010515,3902,42771,22,78.04951429367065,32.071576207876205
2025010515,3902,42771,23,78.07416915893555,32.2706869661808
2025010515,3902,42771,24,78.09396743774414,32.459568017721175
2025010515,3902,42771,25,78.10943126678467,32.638559293746944
2025010515,3902,42771,26,78.12101125717163,32.8080706179142
2025010515,3902,42771,27,78.12910079956055,32.96854040622711
2025010515,3902,42771,28,78.13408613204956,33.120407074689865
2025010515,3902,42771,29,78.13631772994995,33.26414716243744
2025010515,3902,42771,30,78.1361174583435,33.40021814703941
2025010515,3902,46122,1,77.25193977355957,34.46914308071136
2025010515,3902,46122,2,77.60752201080322,34.588417649269104
2025010515,3902,46122,3,77.9528546333313,34.77445217370987
2025010515,3902,46122,4,78.26663732528687,34.98640725016594
2025010515,3902,46122,5,78.54369163513184,35.21511426568031
2025010515,3902,46122,6,78.8152813911438,35.46632663607597
2025010515,3902,46122,7,79.08541202545166,35.745035314559935
2025010515,3902,46122,8,79.34025764465332,36.048803597688675
2025010515,3902,46122,9,79.58120584487915,36.37486755847931
2025010515,3902,46122,10,79.8093581199646,36.71901776790619
2025010515,3902,46122,11,80.025315284729,37.076422119140624
2025010515,3902,46122,12,80.22937059402466,37.4421944975853
2025010515,3902,46122,13,80.42169570922852,37.8117601275444
2025010515,3902,46122,14,80.60239791870117,38.18109384179115
2025010515,3902,46122,15,80.77161312103271,38.54671372771263
2025010515,3902,46122,16,80.92953443527222,38.90574784278869
2025010515,3902,46122,17,81.07640504837036,39.255873852968215
2025010515,3902,46122,18,81.21249675750732,39.595268201828
2025010515,3902,46122,19,81.33814573287964,39.92254574894905
2025010515,3902,46122,20,81.45373821258545,40.23672164678573
2025010515,3902,46122,21,81.55972480773926,40.53712238669395
2025010515,3902,46122,22,81.65651321411133,40.82337626814842
2025010515,3902,46122,23,81.74457550048828,41.09530856013298
2025010515,3902,46122,24,81.82439088821411,41.35293514728546
2025010515,3902,46122,25,81.89640998840332,41.59643076062202
2025010515,3902,46122,26,81.96112632751465,41.826081323623654
2025010515,3902,46122,27,82.01898336410522,42.04226806759834
2025010515,3902,46122,28,82.07043886184692,42.24544847011566
2025010515,3902,46122,29,82.11593627929688,42.43610860109329
2025010515,3902,46122,30,82.15589761734009,42.614798069000244
2025010515,3902,47788,1,73.01060199737549,43.254574096202845
2025010515,3902,47788,2,73.32033634185791,43.18582538366317
2025010515,3902,47788,3,73.59567403793335,43.21015111804008
2025010515,3902,47788,4,73.85539770126343,43.27463639378547
2025010515,3902,47788,5,74.07337188720703,43.37013801336288
2025010515,3902,47788,6,74.25280094146729,43.50157068371772
2025010515,3902,47788,7,74.39799785614014,43.672610110044474
2025010515,3902,47788,8,74.513418674469,43.88253195285797
2025010515,3902,47788,9,74.60317611694336,44.12702194452285
2025010515,3902,47788,10,74.6709680557251,44.39981200695038
2025010515,3902,47788,11,74.72002744674683,44.6940050303936
2025010515,3902,47788,12,74.75312948226929,45.00291675925254
2025010515,3902,47788,13,74.77272033691406,45.32055550813675
2025010515,3902,47788,14,74.78084564208984,45.64183501601219
2025010515,3902,47788,15,74.77929353713989,45.96256809234619
2025010515,3902,47788,16,74.7695803642273,46.27943167090416
2025010515,3902,47788,17,74.75304365158081,46.589890563488005
2025010515,3902,47788,18,74.73079919815063,46.89204179048538
2025010515,3902,47788,19,74.70382690429688,47.18453515768051
2025010515,3902,47788,20,74.67303514480591,47.46645570993423
2025010515,3902,47788,21,74.63926076889038,47.73718076944351
2025010515,3902,47788,22,74.60310459136963,47.996468889713285
2025010515,3902,47788,23,74.56511735916138,48.24427559375763
2025010515,3902,47788,24,74.52569246292114,48.48073113560676
2025010515,3902,47788,25,74.48520183563232,48.706073784828185
2025010515,3902,47788,26,74.44396734237671,48.920662534236904
2025010515,3902,47788,27,74.40213203430176,49.124837315082544
2025010515,3902,47788,28,74.35976028442383,49.31896982789039
2025010515,3902,47788,29,74.31711673736572,49.503562027215956
2025010515,3902,47788,30,74.27443027496338,49.679084098339075
2025010515,3902,48000,1,81.25762224197388,13.729665914177893
2025010515,3902,48000,2,82.32797384262085,13.885562515258789
2025010515,3902,48000,3,83.43847274780273,14.018744084239005
2025010515,3902,48000,4,84.49108600616455,14.128305196762085
2025010515,3902,48000,5,85.47290325164795,14.220712488889694
2025010515,3902,48000,6,86.40317916870117,14.300157916545867
2025010515,3902,48000,7,87.30209827423096,14.36747065782547
2025010515,3902,48000,8,88.18013191223145,14.421122610569
2025010515,3902,48000,9,89.04107809066772,14.462865850329399
2025010515,3902,48000,10,89.88389253616333,14.494506460428237
2025010515,3902,48000,11,90.70572853088379,14.518598690629005
2025010515,3902,48000,12,91.50296688079834,14.53729808628559
2025010515,3902,48000,13,92.27142333984375,14.551281332969666
2025010515,3902,48000,14,93.00770044326782,14.561132985353469
2025010515,3902,48000,15,93.7093448638916,14.567348644137383
2025010515,3902,48000,16,94.37536954879761,14.569559785723685
2025010515,3902,48000,17,95.00513792037964,14.568065041303633
2025010515,3902,48000,18,95.59855699539185,14.563391780853271
2025010515,3902,48000,19,96.15607738494873,14.556008601188658
2025010515,3902,48000,20,96.67861461639404,14.546328502893447
2025010515,3902,48000,21,97.16739177703857,14.534700947999953
2025010515,3902,48000,22,97.62386798858643,14.521451571583746
2025010515,3902,48000,23,98.04967403411865,14.506847235560416
2025010515,3902,48000,24,98.44649076461792,14.491129386425017
2025010515,3902,48000,25,98.81607055664062,14.474506112933158
2025010515,3902,48000,26,99.1601300239563,14.457161676883697
2025010515,3902,48000,27,99.48037147521973,14.439251747727393
2025010515,3902,48000,28,99.77846145629883,14.420924052596092
2025010515,3902,48000,29,100.0559663772583,14.402292960882185
2025010515,3902,48000,30,100.31438827514648,14.383464899659156
2025010515,3902,48103,1,82.49947786331177,39.513090616464616
2025010515,3902,48103,2,83.32888841629028,39.104852247238156
2025010515,3902,48103,3,84.15133953094482,38.70332354903221
2025010515,3902,48103,4,84.9172854423523,38.33186447024345
2025010515,3902,48103,5,85.62743425369263,37.9892677783966
2025010515,3902,48103,6,86.30274295806885,37.66917326450348
2025010515,3902,48103,7,86.95318222045898,37.36200884580612
2025010515,3902,48103,8,87.5877571105957,37.063269639015196
2025010515,3902,48103,9,88.20943593978882,36.77141483426094
2025010515,3902,48103,10,88.81746053695679,36.48664775490761
2025010515,3902,48103,11,89.40927743911743,36.21006444096565
2025010515,3902,48103,12,89.98186826705933,35.94300555586815
2025010515,3902,48103,13,90.53229331970215,35.68672280907631
2025010515,3902,48103,14,91.06095314025879,35.442852318286896
2025010515,3902,48103,15,91.56563758850098,35.211972284317014
2025010515,3902,48103,16,92.04474449157715,34.99433686137199
2025010515,3902,48103,17,92.49637842178345,34.789237594604494
2025010515,3902,48103,18,92.92048931121826,34.59664271473884
2025010515,3902,48103,19,93.31740617752075,34.41636795997619
2025010515,3902,48103,20,93.6878228187561,34.24808292984962
2025010515,3902,48103,21,94.0327262878418,34.091342854499814
2025010515,3902,48103,22,94.35321092605591,33.94564260244369
2025010515,3902,48103,23,94.6505355834961,33.81040397286415
2025010515,3902,48103,24,94.92598056793213,33.68503605723381
2025010515,3902,48103,25,95.18085479736328,33.56892570853233
2025010515,3902,48103,26,95.41651010513306,33.461478841304775
2025010515,3902,48103,27,95.63422679901123,33.36209183931351
2025010515,3902,48103,28,95.8352780342102,33.270199209451675
2025010515,3902,48103,29,96.0208797454834,33.18524498939514
2025010515,3902,48103,30,96.19219064712524,33.106698632240295
2025010515,3902,52991,1,73.07958126068115,18.894285866618155
2025010515,3902,52991,2,73.55112791061401,19.20489089787006
2025010515,3902,52991,3,74.0115237236023,19.54464900493622
2025010515,3902,52991,4,74.42286014556885,19.86782196164131
2025010515,3902,52991,5,74.79021549224854,20.175580465793608
2025010515,3902,52991,6,75.12765884399414,20.479925361275672
2025010515,3902,52991,7,75.44644832611084,20.78994742631912
2025010515,3902,52991,8,75.75356483459473,21.107932460308074
2025010515,3902,52991,9,76.05106115341187,21.431288090348243
2025010515,3902,52991,10,76.33752822875977,21.758376610279083
2025010515,3902,52991,11,76.61275148391724,22.0863308429718
2025010515,3902,52991,12,76.87607288360596,22.412021514773368
2025010515,3902,52991,13,77.126784324646,22.732505202293396
2025010515,3902,52991,14,77.36432075500488,23.045292782783505
2025010515,3902,52991,15,77.58830308914185,23.348373261094093
2025010515,3902,52991,16,77.79861688613892,23.640245538949966
2025010515,3902,52991,17,77.99533367156982,23.919889822602272
2025010515,3902,52991,18,78.17872524261475,24.186658018827437
2025010515,3902,52991,19,78.34917783737183,24.44025626182556
2025010515,3902,52991,20,78.50722789764404,24.68062577843666
2025010515,3902,52991,21,78.65346193313599,24.907928591966627
2025010515,3902,52991,22,78.78856658935547,25.12247921824455
2025010515,3902,52991,23,78.91319990158081,25.32470177710056
2025010515,3902,52991,24,79.02804851531982,25.515095046162603
2025010515,3902,52991,25,79.13382053375244,25.694218164682386
2025010515,3902,52991,26,79.23115253448486,25.862662041187285
2025010515,3902,52991,27,79.32071685791016,26.021012818813322
2025010515,3902,52991,28,79.40310001373291,26.169870936870574
2025010515,3902,52991,29,79.47890996932983,26.30982730388641
2025010515,3902,52991,30,79.54869031906128,26.441453766822814
2025010515,3902,54718,1,91.451096534729,27.039097380638122
2025010515,3902,54718,2,91.9213342666626,27.318622529506683
2025010515,3902,54718,3,92.40046977996826,27.625853663682935
2025010515,3902,54718,4,92.85558700561523,27.931515395641327
2025010515,3902,54718,5,93.27951908111572,28.232329136133192
2025010515,3902,54718,6,93.6983585357666,28.536932951211927
2025010515,3902,54718,7,94.12242650985718,28.851328057050704
2025010515,3902,54718,8,94.54831123352051,29.17540326118469
2025010515,3902,54718,9,94.97672080993652,29.508732855319977
2025010515,3902,54718,10,95.4062032699585,29.849146997928617
2025010515,3902,54718,11,95.8341908454895,30.193691146373748
2025010515,3902,54718,12,96.25774383544922,30.539162957668303
2025010515,3902,54718,13,96.67395114898682,30.88248398900032
2025010515,3902,54718,14,97.08020210266113,31.22088713645935
2025010515,3902,54718,15,97.47424364089966,31.552024650573728
2025010515,3902,54718,16,97.8542947769165,31.873930013179777
2025010515,3902,54718,17,98.21897506713867,32.18508782982826
2025010515,3902,54718,18,98.56729030609131,32.48431628346443
2025010515,3902,54718,19,98.8985824584961,32.77078937292099
2025010515,3902,54718,20,99.21250820159912,33.043970197439194
2025010515,3902,54718,21,99.50896739959717,33.30355377197265
2025010515,3902,54718,22,99.78808879852295,33.54942890405655
2025010515,3902,54718,23,100.05014419555664,33.78166230916977
2025010515,3902,54718,24,100.29555559158325,34.00046684145927
2025010515,3902,54718,25,100.52483797073364,34.20615066289901
2025010515,3902,54718,26,100.73859214782715,34.399082297086714
2025010515,3902,54718,27,100.93746185302734,34.57972557544708
2025010515,3902,54718,28,101.12216234207153,34.74857292175293
2025010515,3902,54718,29,101.29339456558228,34.906148529052736
2025010515,3902,54718,30,101.45185947418213,35.05299882888794
2025010515,3902,55112,1,81.96691274642944,16.721801134943963
2025010515,3902,55112,2,83.09231042861938,17.083923223614693
2025010515,3902,55112,3,84.19123649597168,17.424454912543297
2025010515,3902,55112,4,85.22799968719482,17.7351171284914
2025010515,3902,55112,5,86.22259140014648,18.022754561901092
2025010515,3902,55112,6,87.20027446746826,18.295277762413026
2025010515,3902,55112,7,88.1769347190857,18.557742810249326
2025010515,3902,55112,8,89.15541887283325,18.812939047813416
2025010515,3902,55112,9,90.1323652267456,19.061600345373154
2025010515,3902,55112,10,91.10146522521973,19.30332641005516
2025010515,3902,55112,11,92.05554485321045,19.537230879068375
2025010515,3902,55112,12,92.98786640167236,19.762370204925535
2025010515,3902,55112,13,93.8926649093628,19.9779040902853
2025010515,3902,55112,14,94.76546287536621,20.183227330446243
2025010515,3902,55112,15,95.60299873352051,20.37792057096958
2025010515,3902,55112,16,96.40306949615479,20.561794784665107
2025010515,3902,55112,17,97.16447353363037,20.734856325387952
2025010515,3902,55112,18,97.88676023483276,20.897244977951047
2025010515,3902,55112,19,98.57011556625366,21.049235546588896
2025010515,3902,55112,20,99.21521186828613,21.191163197159767
2025010515,3902,55112,21,99.82308626174927,21.32344251871109
2025010515,3902,55112,22,100.3950834274292,21.446653300523757
2025010515,3902,55112,23,100.93286991119385,21.561727970838547
2025010515,3902,55112,24,101.43802642822266,21.669112887978553
2025010515,3902,55112,25,101.9121766090393,21.769238525629042
2025010515,3902,55112,26,102.35700130462646,21.86254171133041
2025010515,3902,55112,27,102.77415990829468,21.949440211057663
2025010515,3902,55112,28,103.165283203125,22.030350202322005
2025010515,3902,55112,29,103.53198051452637,22.105670389533042
2025010515,3902,55112,30,103.87577533721924,22.175767707824704
